id,age,income,score,signup_date,category,region,notes,email,active
0,24.0,83664.29,33.12,2020-01-01 00:00:00,D,north,,user0@example.com,True
1,73.0,56830.4,20.17,2020-01-01 00:01:00,A,north,reviewed,user1@example.com,False
2,65.0,66615.54,102.25,2020-01-01 00:02:00,A,north,,user2@example.com,False
3,49.0,53864.34,63.23,2020-01-01 00:03:00,B,north,,user3@example.com,False
4,49.0,51591.85,21.95,2020-01-01 00:04:00,B,north,reviewed,user4@example.com,False
5,79.0,39410.35,18.13,2020-01-01 00:05:00,B,north,,user5@example.com,False
6,24.0,63606.03,35.9,2020-01-01 00:06:00,D,north,,user6@example.com,False
7,68.0,37969.26,14.37,2020-01-01 00:07:00,A,east,,user7@example.com,True
8,32.0,68311.7,2.6,2020-01-01 00:08:00,D,north,,user8@example.com,False
9,24.0,76705.74,22.06,2020-01-01 00:09:00,C,north,,user9@example.com,True
10,55.0,62330.63,14.46,2020-01-01 00:10:00,C,north,,user10@example.com,False
11,88.0,49275.03,65.38,2020-01-01 00:11:00,C,north,,user11@example.com,True
12,70.0,64079.31,52.9,2020-01-01 00:12:00,A,south,flagged,user12@example.com,False
13,72.0,48826.54,12.91,2020-01-01 00:13:00,C,north,,user13@example.com,True
14,69.0,73710.94,99.65,2020-01-01 00:14:00,A,north,,user14@example.com,True
15,74.0,,41.33,2020-01-01 00:15:00,C,west,,user15@example.com,True
16,54.0,48287.85,150.65,2020-01-01 00:16:00,C,east,,user16@example.com,True
17,27.0,15183.76,74.4,2020-01-01 00:17:00,C,south,,user17@example.com,False
18,78.0,25098.78,116.13,2020-01-01 00:18:00,B,east,,user18@example.com,True
19,50.0,82277.24,158.92,2020-01-01 00:19:00,B,west,,user19@example.com,False
20,54.0,72903.7,25.8,2020-01-01 00:20:00,B,north,,user20@example.com,False
21,44.0,40610.4,55.04,2020-01-01 00:21:00,A,north,,user21@example.com,False
22,31.0,24949.93,8.66,2020-01-01 00:22:00,C,north,,user22@example.com,True
23,84.0,-4290.58,13.91,2020-01-01 00:23:00,A,north,,user23@example.com,True
24,74.0,44130.09,11.43,2020-01-01 00:24:00,B,north,,user24@example.com,True
25,64.0,103408.3,30.9,2020-01-01 00:25:00,C,north,,user25@example.com,True
26,46.0,63697.69,62.32,2020-01-01 00:26:00,A,north,,user26@example.com,True
27,77.0,43808.55,42.2,2020-01-01 00:27:00,D,south,,user27@example.com,False
28,57.0,64301.6,1.43,2020-01-01 00:28:00,B,south,,user28@example.com,True
29,49.0,23780.83,12.12,2020-01-01 00:29:00,A,north,flagged,user29@example.com,True
30,50.0,49053.53,62.47,2020-01-01 00:30:00,C,north,,user30@example.com,True
31,34.0,56989.55,50.78,2020-01-01 00:31:00,C,north,,user31@example.com,True
32,24.0,53277.99,15.95,2020-01-01 00:32:00,C,north,,user32@example.com,True
33,57.0,70816.12,18.27,2020-01-01 00:33:00,D,west,,user33@example.com,True
34,81.0,61892.9,75.48,2020-01-01 00:34:00,B,east,,user34@example.com,False
35,22.0,68366.52,36.65,2020-01-01 00:35:00,D,west,,user35@example.com,False
36,79.0,41232.55,45.45,2020-01-01 00:36:00,B,east,,user36@example.com,False
37,77.0,,28.47,2020-01-01 00:37:00,C,west,,user37@example.com,False
38,37.0,87578.74,68.16,2020-01-01 00:38:00,A,north,,user38@example.com,False
39,63.0,35597.01,111.49,2020-01-01 00:39:00,C,north,,user39@example.com,True
40,29.0,37246.09,167.69,2020-01-01 00:40:00,B,north,,user40@example.com,True
41,72.0,81715.69,56.17,2020-01-01 00:41:00,C,north,,user41@example.com,True
42,68.0,51173.12,25.84,2020-01-01 00:42:00,D,north,,user42@example.com,True
43,43.0,83076.43,7.91,2020-01-01 00:43:00,D,north,flagged,user43@example.com,True
44,22.0,46149.29,1.82,2020-01-01 00:44:00,D,west,,user44@example.com,True
45,87.0,84100.91,154.57,2020-01-01 00:45:00,A,north,,user45@example.com,True
46,50.0,57629.72,67.54,2020-01-01 00:46:00,A,west,,user46@example.com,False
47,82.0,60164.58,24.82,2020-01-01 00:47:00,D,south,,user47@example.com,False
48,66.0,86294.36,47.81,2020-01-01 00:48:00,B,north,flagged,user48@example.com,False
49,74.0,47764.59,94.44,2020-01-01 00:49:00,A,north,,user49@example.com,True
50,72.0,36177.56,194.28,2020-01-01 00:50:00,B,north,,user50@example.com,True
51,32.0,46028.72,11.06,2020-01-01 00:51:00,D,north,,user51@example.com,False
52,44.0,64046.68,45.35,2020-01-01 00:52:00,B,north,flagged,user52@example.com,True
53,51.0,23684.82,79.58,2020-01-01 00:53:00,A,west,,user53@example.com,True
54,53.0,67749.42,232.43,2020-01-01 00:54:00,C,north,,user54@example.com,True
55,21.0,44224.57,71.03,2020-01-01 00:55:00,A,north,,user55@example.com,True
56,57.0,77956.25,48.82,2020-01-01 00:56:00,B,south,,user56@example.com,False
57,29.0,7114.79,57.67,2020-01-01 00:57:00,A,north,,user57@example.com,False
58,71.0,39268.68,17.66,2020-01-01 00:58:00,C,north,,user58@example.com,True
59,67.0,21270.64,57.4,2020-01-01 00:59:00,B,north,,user59@example.com,True
60,84.0,38475.41,99.13,2020-01-01 01:00:00,D,north,,user60@example.com,False
61,71.0,59953.32,15.45,2020-01-01 01:01:00,B,north,flagged,user61@example.com,False
62,44.0,51415.47,134.6,2020-01-01 01:02:00,A,north,,user62@example.com,False
63,87.0,49932.45,5.51,2020-01-01 01:03:00,A,north,,user63@example.com,True
64,47.0,51816.3,24.38,2020-01-01 01:04:00,A,north,reviewed,user64@example.com,False
65,41.0,59067.76,9.06,2020-01-01 01:05:00,B,north,,user65@example.com,False
66,83.0,34829.28,4.28,2020-01-01 01:06:00,A,north,flagged,user66@example.com,False
67,44.0,69136.99,183.85,2020-01-01 01:07:00,B,north,,user67@example.com,True
68,23.0,,15.88,2020-01-01 01:08:00,D,north,reviewed,user68@example.com,False
69,51.0,62700.76,36.04,2020-01-01 01:09:00,D,north,,user69@example.com,True
70,75.0,66130.67,49.14,2020-01-01 01:10:00,C,north,,user70@example.com,True
71,31.0,60928.36,7.03,2020-01-01 01:11:00,D,north,,user71@example.com,False
72,51.0,95701.47,17.23,2020-01-01 01:12:00,D,north,,user72@example.com,False
73,27.0,53258.12,16.29,2020-01-01 01:13:00,C,west,flagged,user73@example.com,True
74,67.0,48858.34,18.64,2020-01-01 01:14:00,D,north,,user74@example.com,True
75,52.0,39929.45,32.96,2020-01-01 01:15:00,A,west,,user75@example.com,True
76,41.0,34354.75,20.28,2020-01-01 01:16:00,D,north,,user76@example.com,True
77,34.0,30110.56,84.27,2020-01-01 01:17:00,B,north,,user77@example.com,False
78,58.0,37224.05,36.07,2020-01-01 01:18:00,C,south,,user78@example.com,True
79,66.0,53586.39,26.15,2020-01-01 01:19:00,D,south,,user79@example.com,False
80,85.0,61685.9,12.97,2020-01-01 01:20:00,B,east,,user80@example.com,True
81,49.0,56022.84,71.81,2020-01-01 01:21:00,A,north,flagged,user81@example.com,False
82,29.0,39689.29,24.33,2020-01-01 01:22:00,B,south,,user82@example.com,False
83,77.0,73003.69,24.56,2020-01-01 01:23:00,B,north,,user83@example.com,False
84,63.0,69788.25,166.46,2020-01-01 01:24:00,D,north,,user84@example.com,False
85,68.0,51807.03,2.96,2020-01-01 01:25:00,D,north,,user85@example.com,False
86,25.0,41941.68,26.25,2020-01-01 01:26:00,C,west,,user86@example.com,False
87,40.0,65968.56,46.19,2020-01-01 01:27:00,D,north,,user87@example.com,False
88,73.0,58759.47,69.03,2020-01-01 01:28:00,B,east,,user88@example.com,True
89,77.0,26037.45,66.15,2020-01-01 01:29:00,B,north,,user89@example.com,False
90,49.0,53640.39,16.24,2020-01-01 01:30:00,D,south,,user90@example.com,False
91,75.0,60240.72,0.37,2020-01-01 01:31:00,C,south,,user91@example.com,True
92,78.0,37006.1,55.27,2020-01-01 01:32:00,C,east,,user92@example.com,False
93,45.0,58796.87,44.55,2020-01-01 01:33:00,B,north,,user93@example.com,True
94,82.0,25903.55,4.61,2020-01-01 01:34:00,C,north,,user94@example.com,False
95,38.0,81723.72,35.35,2020-01-01 01:35:00,D,north,,user95@example.com,False
96,35.0,79959.0,10.27,2020-01-01 01:36:00,B,north,,user96@example.com,False
97,67.0,49949.65,6.07,2020-01-01 01:37:00,A,north,,user97@example.com,False
98,63.0,62269.09,42.66,2020-01-01 01:38:00,A,north,,user98@example.com,True
99,28.0,6801.56,56.06,2020-01-01 01:39:00,A,north,,user99@example.com,True
100,77.0,31873.05,48.39,2020-01-01 01:40:00,B,north,flagged,user100@example.com,False
101,32.0,49124.42,18.41,2020-01-01 01:41:00,C,north,,user101@example.com,True
102,75.0,33557.34,46.29,2020-01-01 01:42:00,D,west,,user102@example.com,False
103,18.0,69287.93,30.53,2020-01-01 01:43:00,A,north,,user103@example.com,True
104,75.0,94945.93,35.97,2020-01-01 01:44:00,D,west,,user104@example.com,False
105,74.0,,63.66,2020-01-01 01:45:00,C,west,,user105@example.com,False
106,74.0,38250.73,45.22,2020-01-01 01:46:00,A,north,flagged,user106@example.com,False
107,65.0,59708.97,49.79,2020-01-01 01:47:00,B,south,,user107@example.com,False
108,51.0,87222.32,82.1,2020-01-01 01:48:00,B,north,,user108@example.com,True
109,68.0,30552.51,23.09,2020-01-01 01:49:00,D,north,,user109@example.com,True
110,37.0,59980.72,37.09,2020-01-01 01:50:00,D,north,,user110@example.com,True
111,74.0,91425.98,51.8,2020-01-01 01:51:00,D,north,,user111@example.com,False
112,58.0,21964.82,88.99,2020-01-01 01:52:00,C,north,,user112@example.com,False
113,51.0,29378.62,14.79,2020-01-01 01:53:00,B,north,,user113@example.com,False
114,54.0,46527.87,73.39,2020-01-01 01:54:00,B,west,reviewed,user114@example.com,True
115,58.0,44588.23,16.13,2020-01-01 01:55:00,D,north,,user115@example.com,False
116,20.0,71252.03,19.86,2020-01-01 01:56:00,A,south,reviewed,user116@example.com,True
117,28.0,59833.19,27.5,2020-01-01 01:57:00,B,west,,user117@example.com,True
118,35.0,19500.76,5.81,2020-01-01 01:58:00,A,north,,user118@example.com,True
119,26.0,65308.21,107.89,2020-01-01 01:59:00,B,north,,user119@example.com,False
120,49.0,43449.22,98.68,2020-01-01 02:00:00,B,east,,user120@example.com,True
121,66.0,80488.94,153.54,2020-01-01 02:01:00,A,north,reviewed,user121@example.com,False
122,65.0,42448.25,45.04,2020-01-01 02:02:00,B,north,,user122@example.com,False
123,51.0,42267.69,56.78,2020-01-01 02:03:00,D,north,flagged,user123@example.com,False
124,79.0,65822.63,17.64,2020-01-01 02:04:00,C,west,,user124@example.com,False
125,58.0,70258.53,1.44,2020-01-01 02:05:00,D,north,,user125@example.com,True
126,23.0,63961.99,66.44,2020-01-01 02:06:00,D,north,,user126@example.com,True
127,73.0,21288.05,10.99,2020-01-01 02:07:00,D,north,,user127@example.com,False
128,59.0,65760.69,14.43,2020-01-01 02:08:00,B,north,flagged,user128@example.com,False
129,63.0,,249.01,2020-01-01 02:09:00,D,north,,user129@example.com,False
130,58.0,59705.52,8.29,2020-01-01 02:10:00,D,south,,user130@example.com,False
131,57.0,26525.31,4.65,2020-01-01 02:11:00,D,east,,user131@example.com,True
132,24.0,63926.44,3.91,2020-01-01 02:12:00,B,north,,user132@example.com,True
133,58.0,38868.02,53.39,2020-01-01 02:13:00,A,north,,user133@example.com,True
134,75.0,29347.31,22.36,2020-01-01 02:14:00,C,north,,user134@example.com,True
135,39.0,69276.4,20.26,2020-01-01 02:15:00,D,north,,user135@example.com,False
136,61.0,59832.89,39.84,2020-01-01 02:16:00,D,north,,user136@example.com,False
137,20.0,42720.46,5.35,2020-01-01 02:17:00,C,north,,user137@example.com,False
138,43.0,84023.58,7.08,2020-01-01 02:18:00,A,north,,user138@example.com,False
139,49.0,46186.95,124.53,2020-01-01 02:19:00,B,north,,user139@example.com,True
140,88.0,55642.15,106.13,2020-01-01 02:20:00,C,north,,user140@example.com,False
141,33.0,60378.27,41.47,2020-01-01 02:21:00,C,north,flagged,user141@example.com,True
142,37.0,42606.68,122.51,2020-01-01 02:22:00,B,north,,user142@example.com,True
143,47.0,64422.73,3.97,2020-01-01 02:23:00,B,west,,user143@example.com,True
144,89.0,44330.95,40.42,2020-01-01 02:24:00,A,south,,user144@example.com,False
145,79.0,46767.23,57.18,2020-01-01 02:25:00,B,west,,user145@example.com,False
146,20.0,82252.85,92.68,2020-01-01 02:26:00,C,west,,user146@example.com,False
147,34.0,34188.28,43.01,2020-01-01 02:27:00,A,north,,user147@example.com,False
148,77.0,6744.39,42.11,2020-01-01 02:28:00,D,west,,user148@example.com,True
149,22.0,87218.74,17.24,2020-01-01 02:29:00,A,north,,user149@example.com,True
150,79.0,105986.56,55.01,2020-01-01 02:30:00,C,north,,user150@example.com,False
151,38.0,46894.61,6.77,2020-01-01 02:31:00,B,north,,user151@example.com,True
152,84.0,16263.24,97.61,2020-01-01 02:32:00,D,north,,user152@example.com,False
153,39.0,48790.32,33.95,2020-01-01 02:33:00,D,north,,user153@example.com,True
154,49.0,49275.54,5.72,2020-01-01 02:34:00,C,north,,user154@example.com,True
155,65.0,51201.52,17.88,2020-01-01 02:35:00,C,south,,user155@example.com,True
156,27.0,32732.24,31.19,2020-01-01 02:36:00,C,south,,user156@example.com,True
157,58.0,66591.22,175.36,2020-01-01 02:37:00,C,north,,user157@example.com,False
158,54.0,65490.15,56.38,2020-01-01 02:38:00,A,north,,user158@example.com,False
159,74.0,25111.89,78.52,2020-01-01 02:39:00,B,south,,user159@example.com,False
160,89.0,68983.93,231.43,2020-01-01 02:40:00,A,north,,user160@example.com,False
161,65.0,96053.7,68.52,2020-01-01 02:41:00,B,north,,user161@example.com,True
162,47.0,58439.21,3.8,2020-01-01 02:42:00,C,north,reviewed,user162@example.com,True
163,47.0,48253.5,61.97,2020-01-01 02:43:00,A,north,,user163@example.com,True
164,48.0,52159.94,74.25,2020-01-01 02:44:00,A,north,,user164@example.com,False
165,76.0,67305.14,18.88,2020-01-01 02:45:00,D,east,,user165@example.com,True
166,41.0,20386.57,8.85,2020-01-01 02:46:00,B,south,,user166@example.com,True
167,30.0,58287.81,40.74,2020-01-01 02:47:00,A,north,,user167@example.com,False
168,42.0,47190.72,311.17,2020-01-01 02:48:00,C,north,,user168@example.com,False
169,19.0,91956.5,76.66,2020-01-01 02:49:00,C,east,flagged,user169@example.com,False
170,25.0,51516.55,102.42,2020-01-01 02:50:00,D,north,,user170@example.com,True
171,24.0,88357.75,73.99,2020-01-01 02:51:00,D,north,,user171@example.com,False
172,73.0,32925.19,21.23,2020-01-01 02:52:00,D,north,,user172@example.com,False
173,70.0,66745.18,47.9,2020-01-01 02:53:00,C,north,,user173@example.com,True
174,68.0,61388.01,146.58,2020-01-01 02:54:00,B,north,reviewed,user174@example.com,False
175,51.0,37619.06,17.94,2020-01-01 02:55:00,D,north,,user175@example.com,False
176,69.0,58547.92,2.83,2020-01-01 02:56:00,B,north,,user176@example.com,True
177,29.0,79250.38,380.73,2020-01-01 02:57:00,B,north,,user177@example.com,True
178,82.0,48524.17,24.99,2020-01-01 02:58:00,D,north,,user178@example.com,True
179,54.0,21160.75,231.7,2020-01-01 02:59:00,D,north,,user179@example.com,False
180,85.0,54648.74,44.81,2020-01-01 03:00:00,B,west,,user180@example.com,True
181,28.0,36951.54,41.28,2020-01-01 03:01:00,C,north,flagged,user181@example.com,False
182,53.0,48153.18,52.87,2020-01-01 03:02:00,D,north,,user182@example.com,False
183,68.0,53368.24,43.26,2020-01-01 03:03:00,D,north,,user183@example.com,True
184,53.0,20886.96,164.33,2020-01-01 03:04:00,A,east,,user184@example.com,False
185,50.0,22686.83,27.09,2020-01-01 03:05:00,C,north,,user185@example.com,False
186,29.0,64641.34,8.26,2020-01-01 03:06:00,A,west,,user186@example.com,False
187,45.0,44545.63,97.83,2020-01-01 03:07:00,D,north,,user187@example.com,True
188,35.0,3705.11,57.46,2020-01-01 03:08:00,A,north,,user188@example.com,True
189,39.0,70696.88,1.78,2020-01-01 03:09:00,D,north,,user189@example.com,False
190,67.0,60447.4,57.04,2020-01-01 03:10:00,A,north,flagged,user190@example.com,True
191,63.0,40722.5,83.33,2020-01-01 03:11:00,B,east,,user191@example.com,True
192,61.0,28663.4,19.07,2020-01-01 03:12:00,A,east,,user192@example.com,False
193,44.0,71716.16,26.45,2020-01-01 03:13:00,D,north,,user193@example.com,True
194,87.0,,6.46,2020-01-01 03:14:00,B,west,,user194@example.com,False
195,24.0,102652.05,17.1,2020-01-01 03:15:00,C,north,,user195@example.com,True
196,42.0,63403.77,56.52,2020-01-01 03:16:00,A,north,,user196@example.com,True
197,26.0,62754.06,1.57,2020-01-01 03:17:00,B,north,,user197@example.com,True
198,42.0,51661.44,74.91,2020-01-01 03:18:00,D,north,,user198@example.com,True
199,87.0,71335.52,145.48,2020-01-01 03:19:00,D,east,,user199@example.com,True
200,44.0,67501.7,5.82,2020-01-01 03:20:00,A,north,,user200@example.com,True
201,83.0,80034.5,29.13,2020-01-01 03:21:00,B,north,,user201@example.com,True
202,53.0,44573.54,11.82,2020-01-01 03:22:00,B,north,reviewed,user202@example.com,False
203,68.0,46291.85,33.2,2020-01-01 03:23:00,C,north,,user203@example.com,False
204,50.0,45417.94,79.36,2020-01-01 03:24:00,C,north,reviewed,user204@example.com,True
205,37.0,70816.03,53.48,2020-01-01 03:25:00,A,north,flagged,user205@example.com,True
206,73.0,84967.49,26.24,2020-01-01 03:26:00,D,north,,user206@example.com,True
207,87.0,45823.19,10.66,2020-01-01 03:27:00,A,north,,user207@example.com,True
208,36.0,46504.53,201.89,2020-01-01 03:28:00,B,north,,user208@example.com,False
209,74.0,61281.54,15.37,2020-01-01 03:29:00,D,north,,user209@example.com,False
210,36.0,50084.77,18.14,2020-01-01 03:30:00,C,north,,user210@example.com,True
211,69.0,74041.07,0.26,2020-01-01 03:31:00,B,south,,user211@example.com,False
212,74.0,9964.45,222.59,2020-01-01 03:32:00,D,west,,user212@example.com,False
213,50.0,38465.9,76.07,2020-01-01 03:33:00,B,north,,user213@example.com,True
214,71.0,39351.67,99.62,2020-01-01 03:34:00,C,west,reviewed,user214@example.com,False
215,37.0,8592.88,96.91,2020-01-01 03:35:00,A,north,,user215@example.com,True
216,23.0,35727.23,26.67,2020-01-01 03:36:00,A,north,,user216@example.com,False
217,24.0,36696.88,29.53,2020-01-01 03:37:00,B,south,flagged,user217@example.com,False
218,50.0,50977.91,83.94,2020-01-01 03:38:00,C,south,,user218@example.com,True
219,82.0,,64.27,2020-01-01 03:39:00,D,east,,user219@example.com,False
220,27.0,50098.79,4.19,2020-01-01 03:40:00,B,north,,user220@example.com,False
221,50.0,34383.73,34.51,2020-01-01 03:41:00,D,north,flagged,user221@example.com,True
222,68.0,53860.91,163.5,2020-01-01 03:42:00,C,north,,user222@example.com,True
223,32.0,75983.47,46.26,2020-01-01 03:43:00,A,north,,user223@example.com,False
224,69.0,35480.82,50.53,2020-01-01 03:44:00,C,north,,user224@example.com,True
225,40.0,36788.5,15.33,2020-01-01 03:45:00,C,north,,user225@example.com,True
226,76.0,66170.98,201.39,2020-01-01 03:46:00,B,north,,user226@example.com,False
227,59.0,50569.28,122.37,2020-01-01 03:47:00,B,north,,user227@example.com,True
228,57.0,67949.69,35.82,2020-01-01 03:48:00,B,north,flagged,user228@example.com,False
229,30.0,54727.06,22.07,2020-01-01 03:49:00,C,north,,user229@example.com,False
230,51.0,69033.27,16.25,2020-01-01 03:50:00,C,north,flagged,user230@example.com,False
231,79.0,34298.44,26.33,2020-01-01 03:51:00,B,north,,user231@example.com,False
232,19.0,54758.31,8.34,2020-01-01 03:52:00,B,north,reviewed,user232@example.com,False
233,72.0,50786.2,14.06,2020-01-01 03:53:00,B,north,,user233@example.com,False
234,53.0,30682.18,2.49,2020-01-01 03:54:00,B,north,,user234@example.com,False
235,69.0,23730.44,98.61,2020-01-01 03:55:00,B,south,,user235@example.com,True
236,65.0,68714.98,4.39,2020-01-01 03:56:00,B,north,,user236@example.com,False
237,49.0,47980.95,2.66,2020-01-01 03:57:00,C,north,,user237@example.com,True
238,40.0,34554.39,97.56,2020-01-01 03:58:00,A,north,,user238@example.com,False
239,63.0,53076.42,38.88,2020-01-01 03:59:00,C,west,,user239@example.com,True
240,28.0,77560.38,64.68,2020-01-01 04:00:00,A,south,,user240@example.com,True
241,60.0,9385.24,86.9,2020-01-01 04:01:00,B,north,,user241@example.com,True
242,24.0,25067.23,34.28,2020-01-01 04:02:00,D,north,,user242@example.com,False
243,64.0,36542.27,67.42,2020-01-01 04:03:00,D,north,,user243@example.com,True
244,63.0,84223.58,36.76,2020-01-01 04:04:00,C,west,,user244@example.com,True
245,24.0,60651.74,189.7,2020-01-01 04:05:00,C,north,,user245@example.com,False
246,72.0,70346.34,84.54,2020-01-01 04:06:00,A,north,reviewed,user246@example.com,False
247,47.0,32196.78,18.1,2020-01-01 04:07:00,B,west,,user247@example.com,False
248,74.0,32609.28,35.92,2020-01-01 04:08:00,C,south,,user248@example.com,True
249,20.0,63956.27,11.09,2020-01-01 04:09:00,D,north,,user249@example.com,False
250,30.0,56165.49,63.58,2020-01-01 04:10:00,C,north,,user250@example.com,False
251,53.0,65974.78,13.91,2020-01-01 04:11:00,D,north,,user251@example.com,True
252,31.0,51246.58,36.35,2020-01-01 04:12:00,B,north,flagged,user252@example.com,False
253,41.0,60562.87,37.58,2020-01-01 04:13:00,A,north,,user253@example.com,True
254,65.0,58162.38,40.89,2020-01-01 04:14:00,A,west,,user254@example.com,True
255,28.0,70555.35,14.27,2020-01-01 04:15:00,C,west,,user255@example.com,False
256,66.0,71140.17,37.35,2020-01-01 04:16:00,C,north,,user256@example.com,True
257,25.0,22602.56,93.8,2020-01-01 04:17:00,B,north,,user257@example.com,True
258,30.0,10054.63,14.87,2020-01-01 04:18:00,D,north,,user258@example.com,True
259,60.0,75034.91,21.39,2020-01-01 04:19:00,C,north,,user259@example.com,False
260,75.0,78754.5,60.35,2020-01-01 04:20:00,B,south,flagged,user260@example.com,True
261,30.0,34587.54,11.45,2020-01-01 04:21:00,A,north,,user261@example.com,True
262,39.0,17803.29,151.74,2020-01-01 04:22:00,C,north,flagged,user262@example.com,False
263,84.0,56980.7,72.62,2020-01-01 04:23:00,C,north,,user263@example.com,False
264,89.0,73616.76,72.85,2020-01-01 04:24:00,A,north,,user264@example.com,True
265,59.0,90951.89,62.76,2020-01-01 04:25:00,B,north,,user265@example.com,False
266,50.0,65325.95,18.61,2020-01-01 04:26:00,B,south,,user266@example.com,True
267,42.0,47565.67,30.48,2020-01-01 04:27:00,C,east,,user267@example.com,False
268,62.0,37137.39,35.86,2020-01-01 04:28:00,A,north,,user268@example.com,False
269,60.0,55229.03,38.52,2020-01-01 04:29:00,D,east,,user269@example.com,False
270,39.0,49014.71,69.3,2020-01-01 04:30:00,B,north,,user270@example.com,True
271,19.0,34698.64,18.76,2020-01-01 04:31:00,B,east,,user271@example.com,False
272,28.0,95975.11,30.34,2020-01-01 04:32:00,A,north,,user272@example.com,False
273,87.0,90703.37,174.81,2020-01-01 04:33:00,D,north,flagged,user273@example.com,True
274,48.0,77720.97,143.46,2020-01-01 04:34:00,A,west,,user274@example.com,True
275,52.0,36582.99,17.9,2020-01-01 04:35:00,D,north,flagged,user275@example.com,False
276,51.0,72100.39,55.14,2020-01-01 04:36:00,B,north,,user276@example.com,True
277,74.0,67792.53,12.42,2020-01-01 04:37:00,D,north,,user277@example.com,False
278,22.0,63850.91,20.53,2020-01-01 04:38:00,A,north,,user278@example.com,True
279,23.0,79993.31,19.56,2020-01-01 04:39:00,A,north,,user279@example.com,False
280,37.0,67707.42,53.59,2020-01-01 04:40:00,D,north,,user280@example.com,False
281,53.0,69800.28,132.57,2020-01-01 04:41:00,D,east,,user281@example.com,True
282,66.0,67738.13,31.87,2020-01-01 04:42:00,C,north,,user282@example.com,True
283,53.0,61815.83,151.4,2020-01-01 04:43:00,A,north,,user283@example.com,True
284,49.0,19327.78,111.45,2020-01-01 04:44:00,D,north,,user284@example.com,False
285,85.0,56672.42,37.74,2020-01-01 04:45:00,B,east,,user285@example.com,False
286,29.0,43876.16,57.0,2020-01-01 04:46:00,D,north,,user286@example.com,True
287,59.0,29403.18,47.95,2020-01-01 04:47:00,D,north,,user287@example.com,False
288,57.0,88636.33,89.73,2020-01-01 04:48:00,D,north,,user288@example.com,False
289,52.0,89579.91,45.07,2020-01-01 04:49:00,C,north,flagged,user289@example.com,True
290,76.0,82184.41,35.76,2020-01-01 04:50:00,C,south,,user290@example.com,False
291,37.0,60104.27,45.83,2020-01-01 04:51:00,C,north,flagged,user291@example.com,True
292,86.0,82012.5,43.42,2020-01-01 04:52:00,A,south,,user292@example.com,False
293,41.0,55241.06,14.8,2020-01-01 04:53:00,B,north,,user293@example.com,True
294,57.0,59055.95,1.22,2020-01-01 04:54:00,C,north,,user294@example.com,True
295,55.0,33130.57,25.32,2020-01-01 04:55:00,D,north,,user295@example.com,True
296,79.0,,22.36,2020-01-01 04:56:00,C,north,,user296@example.com,True
297,49.0,56207.72,298.55,2020-01-01 04:57:00,C,north,,user297@example.com,True
298,38.0,28946.96,41.84,2020-01-01 04:58:00,A,north,flagged,user298@example.com,False
299,19.0,53976.06,44.34,2020-01-01 04:59:00,B,north,,user299@example.com,True
300,44.0,53405.41,54.45,2020-01-01 05:00:00,C,north,reviewed,user300@example.com,False
301,77.0,90951.22,59.15,2020-01-01 05:01:00,D,north,,user301@example.com,True
302,18.0,72884.27,8.78,2020-01-01 05:02:00,B,north,,user302@example.com,True
303,82.0,55228.91,32.51,2020-01-01 05:03:00,A,north,,user303@example.com,False
304,57.0,59975.75,4.16,2020-01-01 05:04:00,B,north,,user304@example.com,True
305,28.0,,0.07,2020-01-01 05:05:00,A,north,,user305@example.com,True
306,39.0,50941.72,36.35,2020-01-01 05:06:00,C,north,,user306@example.com,False
307,57.0,33351.46,199.29,2020-01-01 05:07:00,C,north,reviewed,user307@example.com,True
308,40.0,51978.96,32.08,2020-01-01 05:08:00,D,north,,user308@example.com,False
309,25.0,40078.03,3.68,2020-01-01 05:09:00,D,north,,user309@example.com,True
310,65.0,29993.69,17.3,2020-01-01 05:10:00,A,north,,user310@example.com,False
311,66.0,65224.44,10.17,2020-01-01 05:11:00,A,north,,user311@example.com,True
312,26.0,62825.29,64.65,2020-01-01 05:12:00,B,north,,user312@example.com,True
313,38.0,19265.85,19.16,2020-01-01 05:13:00,A,north,,user313@example.com,False
314,35.0,52546.31,51.94,2020-01-01 05:14:00,D,east,,user314@example.com,False
315,65.0,74914.03,27.66,2020-01-01 05:15:00,A,north,,user315@example.com,False
316,70.0,76184.47,51.6,2020-01-01 05:16:00,A,east,,user316@example.com,True
317,70.0,75516.74,47.9,2020-01-01 05:17:00,D,north,,user317@example.com,True
318,85.0,55778.26,109.99,2020-01-01 05:18:00,D,north,,user318@example.com,False
319,73.0,38099.09,18.41,2020-01-01 05:19:00,A,north,,user319@example.com,True
320,41.0,33326.02,21.3,2020-01-01 05:20:00,B,north,,user320@example.com,True
321,25.0,61892.1,32.4,2020-01-01 05:21:00,C,west,,user321@example.com,True
322,62.0,62585.6,37.12,2020-01-01 05:22:00,C,north,flagged,user322@example.com,False
323,83.0,80746.62,11.58,2020-01-01 05:23:00,D,west,,user323@example.com,True
324,88.0,76999.59,40.17,2020-01-01 05:24:00,B,north,,user324@example.com,True
325,34.0,52355.43,66.65,2020-01-01 05:25:00,A,east,,user325@example.com,True
326,35.0,30115.88,15.02,2020-01-01 05:26:00,B,west,,user326@example.com,True
327,20.0,48617.87,107.5,2020-01-01 05:27:00,C,north,,user327@example.com,True
328,28.0,59344.62,89.18,2020-01-01 05:28:00,C,north,,user328@example.com,True
329,57.0,50958.34,82.59,2020-01-01 05:29:00,C,north,flagged,user329@example.com,True
330,57.0,43442.12,69.69,2020-01-01 05:30:00,D,north,,user330@example.com,True
331,44.0,60057.7,53.3,2020-01-01 05:31:00,D,west,,user331@example.com,False
332,40.0,44920.85,33.18,2020-01-01 05:32:00,B,north,,user332@example.com,False
333,77.0,42438.68,55.0,2020-01-01 05:33:00,B,north,,user333@example.com,True
334,51.0,61229.06,96.05,2020-01-01 05:34:00,C,north,,user334@example.com,True
335,76.0,46960.15,28.5,2020-01-01 05:35:00,B,north,,user335@example.com,True
336,87.0,59882.09,9.14,2020-01-01 05:36:00,B,west,,user336@example.com,True
337,40.0,60464.08,157.39,2020-01-01 05:37:00,A,north,,user337@example.com,True
338,32.0,,129.95,2020-01-01 05:38:00,B,south,,user338@example.com,False
339,86.0,45375.18,22.48,2020-01-01 05:39:00,C,west,,user339@example.com,True
340,63.0,83755.54,25.03,2020-01-01 05:40:00,D,north,,user340@example.com,False
341,38.0,31758.41,78.57,2020-01-01 05:41:00,D,north,,user341@example.com,True
342,62.0,12666.91,29.33,2020-01-01 05:42:00,B,north,,user342@example.com,True
343,55.0,17763.1,30.25,2020-01-01 05:43:00,A,north,,user343@example.com,True
344,83.0,55582.2,39.49,2020-01-01 05:44:00,A,north,,user344@example.com,True
345,36.0,,13.58,2020-01-01 05:45:00,B,east,,user345@example.com,True
346,89.0,52647.78,41.59,2020-01-01 05:46:00,C,north,,user346@example.com,True
347,85.0,79283.8,12.22,2020-01-01 05:47:00,D,west,,user347@example.com,True
348,31.0,1543.31,22.34,2020-01-01 05:48:00,D,east,,user348@example.com,False
349,29.0,62918.68,17.24,2020-01-01 05:49:00,A,east,,user349@example.com,False
350,56.0,86228.76,4.05,2020-01-01 05:50:00,C,north,flagged,user350@example.com,True
351,21.0,32444.38,104.95,2020-01-01 05:51:00,B,north,,user351@example.com,False
352,39.0,47403.87,20.0,2020-01-01 05:52:00,A,north,flagged,user352@example.com,True
353,49.0,39942.16,18.47,2020-01-01 05:53:00,C,north,,user353@example.com,True
354,87.0,37113.08,330.2,2020-01-01 05:54:00,A,north,,user354@example.com,True
355,89.0,48474.76,45.23,2020-01-01 05:55:00,B,north,,user355@example.com,True
356,28.0,83549.71,2.71,2020-01-01 05:56:00,C,north,,user356@example.com,False
357,82.0,91747.73,28.46,2020-01-01 05:57:00,B,north,,user357@example.com,False
358,24.0,48281.22,21.03,2020-01-01 05:58:00,C,north,,user358@example.com,False
359,71.0,93101.2,32.9,2020-01-01 05:59:00,B,north,,user359@example.com,False
360,78.0,55711.53,10.54,2020-01-01 06:00:00,D,north,,user360@example.com,False
361,82.0,90073.82,9.57,2020-01-01 06:01:00,A,south,,user361@example.com,True
362,34.0,53134.03,4.83,2020-01-01 06:02:00,A,north,,user362@example.com,True
363,82.0,57621.16,64.65,2020-01-01 06:03:00,C,east,,user363@example.com,True
364,26.0,62309.49,1.48,2020-01-01 06:04:00,B,east,,user364@example.com,False
365,55.0,,77.47,2020-01-01 06:05:00,C,north,,user365@example.com,True
366,51.0,72025.71,8.79,2020-01-01 06:06:00,A,north,,user366@example.com,False
367,40.0,40854.71,72.61,2020-01-01 06:07:00,C,north,,user367@example.com,False
368,19.0,74379.96,64.39,2020-01-01 06:08:00,D,north,,user368@example.com,True
369,73.0,47763.35,55.49,2020-01-01 06:09:00,A,north,,user369@example.com,True
370,42.0,45205.0,1.96,2020-01-01 06:10:00,B,north,,user370@example.com,False
371,65.0,73172.03,21.95,2020-01-01 06:11:00,D,east,,user371@example.com,True
372,47.0,55621.71,53.44,2020-01-01 06:12:00,C,west,,user372@example.com,True
373,44.0,60571.52,1.07,2020-01-01 06:13:00,A,east,,user373@example.com,True
374,81.0,55279.7,19.0,2020-01-01 06:14:00,A,north,,user374@example.com,False
375,24.0,61731.66,25.82,2020-01-01 06:15:00,D,north,flagged,user375@example.com,True
376,71.0,63499.32,105.11,2020-01-01 06:16:00,D,west,,user376@example.com,False
377,71.0,16260.66,13.4,2020-01-01 06:17:00,B,north,,user377@example.com,True
378,45.0,68331.45,11.04,2020-01-01 06:18:00,B,north,,user378@example.com,False
379,36.0,35359.61,170.99,2020-01-01 06:19:00,D,north,,user379@example.com,False
380,18.0,26154.02,22.85,2020-01-01 06:20:00,A,north,,user380@example.com,True
381,85.0,53831.78,22.96,2020-01-01 06:21:00,A,north,,user381@example.com,False
382,86.0,56679.62,72.08,2020-01-01 06:22:00,D,north,,user382@example.com,True
383,35.0,41129.88,61.43,2020-01-01 06:23:00,A,north,,user383@example.com,True
384,20.0,71620.64,29.06,2020-01-01 06:24:00,D,north,,user384@example.com,False
385,26.0,28156.5,48.24,2020-01-01 06:25:00,B,north,,user385@example.com,True
386,22.0,46861.13,20.35,2020-01-01 06:26:00,D,north,flagged,user386@example.com,False
387,77.0,43302.52,59.73,2020-01-01 06:27:00,A,north,flagged,user387@example.com,False
388,82.0,,7.55,2020-01-01 06:28:00,D,east,,user388@example.com,True
389,29.0,60577.29,7.56,2020-01-01 06:29:00,A,north,,user389@example.com,True
390,71.0,34842.14,22.02,2020-01-01 06:30:00,A,north,,user390@example.com,False
391,30.0,69485.65,0.9,2020-01-01 06:31:00,C,south,,user391@example.com,True
392,44.0,56260.05,13.07,2020-01-01 06:32:00,C,north,,user392@example.com,True
393,61.0,17161.07,37.14,2020-01-01 06:33:00,D,east,,user393@example.com,True
394,69.0,15828.17,21.34,2020-01-01 06:34:00,A,north,,user394@example.com,True
395,80.0,54753.61,7.38,2020-01-01 06:35:00,A,north,reviewed,user395@example.com,False
396,21.0,50580.65,311.93,2020-01-01 06:36:00,C,north,,user396@example.com,True
397,32.0,52931.6,98.03,2020-01-01 06:37:00,D,north,,user397@example.com,False
398,38.0,54440.35,15.01,2020-01-01 06:38:00,B,west,,user398@example.com,False
399,40.0,59511.2,92.0,2020-01-01 06:39:00,D,south,,user399@example.com,False
400,89.0,73952.99,128.74,2020-01-01 06:40:00,D,west,,user400@example.com,False
401,73.0,32777.9,69.57,2020-01-01 06:41:00,D,west,,user401@example.com,False
402,41.0,31560.57,2.83,2020-01-01 06:42:00,C,north,,user402@example.com,True
403,87.0,33133.52,41.75,2020-01-01 06:43:00,C,south,,user403@example.com,True
404,53.0,,36.86,2020-01-01 06:44:00,C,north,,user404@example.com,False
405,54.0,79898.95,38.34,2020-01-01 06:45:00,C,south,,user405@example.com,True
406,49.0,46373.21,5.98,2020-01-01 06:46:00,C,north,,user406@example.com,False
407,28.0,4966.0,62.83,2020-01-01 06:47:00,C,north,reviewed,user407@example.com,True
408,85.0,20920.14,106.75,2020-01-01 06:48:00,B,south,,user408@example.com,False
409,19.0,38339.27,4.32,2020-01-01 06:49:00,C,south,,user409@example.com,False
410,30.0,43845.42,15.84,2020-01-01 06:50:00,D,north,,user410@example.com,True
411,34.0,46832.23,0.58,2020-01-01 06:51:00,D,north,,user411@example.com,False
412,38.0,55771.62,86.93,2020-01-01 06:52:00,C,north,reviewed,user412@example.com,True
413,27.0,48765.07,240.57,2020-01-01 06:53:00,A,west,,user413@example.com,True
414,19.0,75986.79,1.01,2020-01-01 06:54:00,C,north,flagged,user414@example.com,False
415,66.0,41479.65,114.35,2020-01-01 06:55:00,B,north,,user415@example.com,False
416,87.0,37753.64,29.45,2020-01-01 06:56:00,A,north,,user416@example.com,False
417,26.0,64577.51,144.66,2020-01-01 06:57:00,A,north,,user417@example.com,True
418,39.0,24287.16,188.0,2020-01-01 06:58:00,C,north,,user418@example.com,True
419,54.0,62793.83,81.05,2020-01-01 06:59:00,D,north,,user419@example.com,True
420,84.0,57051.06,6.73,2020-01-01 07:00:00,C,east,,user420@example.com,False
421,67.0,52051.15,39.91,2020-01-01 07:01:00,B,west,,user421@example.com,True
422,73.0,86765.52,9.45,2020-01-01 07:02:00,A,west,,user422@example.com,False
423,59.0,42555.85,236.59,2020-01-01 07:03:00,C,north,reviewed,user423@example.com,False
424,48.0,96205.96,32.05,2020-01-01 07:04:00,A,north,,user424@example.com,True
425,32.0,50491.37,12.68,2020-01-01 07:05:00,D,south,,user425@example.com,False
426,80.0,29459.67,17.84,2020-01-01 07:06:00,D,east,,user426@example.com,True
427,75.0,56398.39,168.66,2020-01-01 07:07:00,D,north,,user427@example.com,True
428,19.0,33475.1,5.76,2020-01-01 07:08:00,B,north,flagged,user428@example.com,True
429,69.0,39964.88,65.64,2020-01-01 07:09:00,A,south,,user429@example.com,False
430,24.0,62940.67,110.58,2020-01-01 07:10:00,B,north,,user430@example.com,False
431,71.0,66111.64,25.98,2020-01-01 07:11:00,D,south,,user431@example.com,False
432,77.0,42556.65,54.63,2020-01-01 07:12:00,A,north,,user432@example.com,False
433,27.0,74748.1,40.67,2020-01-01 07:13:00,D,north,,user433@example.com,False
434,49.0,78150.16,30.57,2020-01-01 07:14:00,A,north,,user434@example.com,False
435,26.0,83726.04,25.64,2020-01-01 07:15:00,A,north,flagged,user435@example.com,False
436,58.0,1042595.6892484785,3.5,2020-01-01 07:16:00,A,east,reviewed,user436@example.com,True
437,84.0,82268.57,17.04,2020-01-01 07:17:00,D,north,,user437@example.com,True
438,23.0,17384.03,9.72,2020-01-01 07:18:00,C,north,,user438@example.com,False
439,46.0,48641.87,30.31,2020-01-01 07:19:00,B,east,,user439@example.com,False
440,88.0,37659.89,70.17,2020-01-01 07:20:00,C,south,,user440@example.com,False
441,39.0,57384.52,13.64,2020-01-01 07:21:00,C,south,,user441@example.com,False
442,27.0,43571.02,16.53,2020-01-01 07:22:00,C,north,flagged,user442@example.com,False
443,53.0,51676.84,19.64,2020-01-01 07:23:00,C,east,,user443@example.com,False
444,54.0,92643.5,78.33,2020-01-01 07:24:00,A,north,,user444@example.com,False
445,65.0,51605.6,99.7,2020-01-01 07:25:00,B,north,,user445@example.com,True
446,40.0,63275.85,7.48,2020-01-01 07:26:00,C,north,,user446@example.com,False
447,86.0,50354.61,116.9,2020-01-01 07:27:00,A,north,,user447@example.com,False
448,55.0,56514.27,76.81,2020-01-01 07:28:00,B,south,,user448@example.com,False
449,38.0,55120.33,4.79,2020-01-01 07:29:00,A,north,,user449@example.com,False
450,87.0,63966.48,55.31,2020-01-01 07:30:00,D,north,,user450@example.com,True
451,84.0,78306.15,44.78,2020-01-01 07:31:00,A,east,,user451@example.com,True
128,59.0,65760.69,14.43,2020-01-01 02:08:00,B,north,flagged,user128@example.com,False
453,19.0,61192.4,4.06,2020-01-01 07:33:00,C,north,,user453@example.com,False
454,60.0,66790.94,52.19,2020-01-01 07:34:00,A,west,,user454@example.com,True
455,57.0,31982.71,38.89,2020-01-01 07:35:00,B,south,,user455@example.com,True
456,28.0,,15.69,2020-01-01 07:36:00,B,west,flagged,user456@example.com,False
457,63.0,73805.79,29.74,2020-01-01 07:37:00,A,west,,user457@example.com,True
458,78.0,72319.37,73.47,2020-01-01 07:38:00,D,west,,user458@example.com,False
459,25.0,59232.19,2.35,2020-01-01 07:39:00,C,south,,user459@example.com,True
460,70.0,72727.88,27.36,2020-01-01 07:40:00,A,north,,user460@example.com,True
461,28.0,64815.33,91.95,2020-01-01 07:41:00,C,north,,user461@example.com,False
462,71.0,79006.13,28.04,2020-01-01 07:42:00,C,north,,user462@example.com,False
463,48.0,60787.18,97.91,2020-01-01 07:43:00,C,south,,user463@example.com,False
464,18.0,47886.03,8.95,2020-01-01 07:44:00,C,north,,user464@example.com,False
465,87.0,61716.83,73.77,2020-01-01 07:45:00,D,east,,user465@example.com,True
466,29.0,-3611.89,138.85,2020-01-01 07:46:00,B,north,,user466@example.com,False
467,60.0,62657.71,7.64,2020-01-01 07:47:00,B,north,flagged,user467@example.com,False
468,31.0,-17968.26,88.17,2020-01-01 07:48:00,C,north,,user468@example.com,False
469,85.0,20530.73,15.14,2020-01-01 07:49:00,D,north,,user469@example.com,True
470,71.0,64035.37,6.12,2020-01-01 07:50:00,C,north,,user470@example.com,False
471,75.0,64550.59,5.17,2020-01-01 07:51:00,A,north,,user471@example.com,True
144,89.0,44330.95,40.42,2020-01-01 02:24:00,A,south,,user144@example.com,False
473,51.0,40757.96,0.73,2020-01-01 07:53:00,C,north,,user473@example.com,False
474,63.0,82410.82,14.07,2020-01-01 07:54:00,A,north,,user474@example.com,True
475,74.0,45319.4,26.1,2020-01-01 07:55:00,D,north,,user475@example.com,False
476,78.0,99858.41,29.31,2020-01-01 07:56:00,D,north,,user476@example.com,False
477,19.0,,11.58,2020-01-01 07:57:00,D,north,,user477@example.com,False
478,65.0,63160.72,19.13,2020-01-01 07:58:00,A,south,,user478@example.com,False
479,25.0,87337.49,10.09,2020-01-01 07:59:00,C,south,,user479@example.com,False
480,38.0,57620.54,13.93,2020-01-01 08:00:00,C,north,,user480@example.com,True
481,77.0,34953.12,59.88,2020-01-01 08:01:00,C,north,flagged,user481@example.com,False
482,36.0,52805.45,26.74,2020-01-01 08:02:00,D,north,,user482@example.com,False
483,75.0,54287.79,68.28,2020-01-01 08:03:00,B,north,,user483@example.com,True
484,51.0,27705.17,13.83,2020-01-01 08:04:00,C,east,,user484@example.com,True
485,34.0,,1.36,2020-01-01 08:05:00,C,north,,user485@example.com,True
486,42.0,40156.16,38.56,2020-01-01 08:06:00,D,east,reviewed,user486@example.com,False
487,56.0,73487.16,62.89,2020-01-01 08:07:00,D,north,,user487@example.com,True
488,73.0,55692.24,5.0,2020-01-01 08:08:00,B,north,,user488@example.com,False
489,61.0,49344.09,56.58,2020-01-01 08:09:00,D,north,,user489@example.com,False
490,85.0,52876.36,6.13,2020-01-01 08:10:00,A,north,reviewed,user490@example.com,True
491,80.0,59462.44,17.95,2020-01-01 08:11:00,B,west,,user491@example.com,False
492,72.0,67336.28,40.77,2020-01-01 08:12:00,C,north,,user492@example.com,False
493,61.0,35005.76,5.07,2020-01-01 08:13:00,A,east,,user493@example.com,False
494,38.0,34168.25,48.77,2020-01-01 08:14:00,B,east,,user494@example.com,False
495,47.0,77093.58,38.04,2020-01-01 08:15:00,C,north,,user495@example.com,True
496,26.0,46753.26,53.61,2020-01-01 08:16:00,C,north,,user496@example.com,True
497,44.0,26663.16,4.01,2020-01-01 08:17:00,A,north,,user497@example.com,True
498,84.0,,14.55,2020-01-01 08:18:00,B,north,,user498@example.com,True
499,48.0,,82.3,2020-01-01 08:19:00,A,south,,user499@example.com,False
500,26.0,24385.69,1.19,2020-01-01 08:20:00,C,north,,user500@example.com,True
501,64.0,59589.63,87.07,2020-01-01 08:21:00,B,west,,user501@example.com,False
502,87.0,69711.66,65.24,2020-01-01 08:22:00,C,north,,user502@example.com,False
503,80.0,62487.73,4.85,2020-01-01 08:23:00,C,north,,user503@example.com,True
504,37.0,67639.63,8.37,2020-01-01 08:24:00,D,south,reviewed,user504@example.com,False
505,50.0,26914.62,75.14,2020-01-01 08:25:00,A,north,,user505@example.com,True
506,56.0,61620.8,33.01,2020-01-01 08:26:00,D,west,,user506@example.com,False
507,35.0,48947.6,27.42,2020-01-01 08:27:00,A,north,,user507@example.com,True
508,37.0,45344.2,15.56,2020-01-01 08:28:00,A,west,,user508@example.com,True
509,35.0,72411.11,28.61,2020-01-01 08:29:00,A,east,,user509@example.com,True
510,89.0,84585.49,22.19,2020-01-01 08:30:00,A,east,,user510@example.com,False
511,71.0,90887.4,26.43,2020-01-01 08:31:00,D,north,,user511@example.com,True
512,78.0,81296.16,88.83,2020-01-01 08:32:00,A,east,,user512@example.com,False
513,76.0,52805.32,1.74,2020-01-01 08:33:00,C,north,,user513@example.com,True
514,87.0,62054.4,109.35,2020-01-01 08:34:00,B,south,,user514@example.com,True
515,25.0,70336.46,16.9,2020-01-01 08:35:00,A,north,flagged,user515@example.com,False
516,81.0,,16.59,2020-01-01 08:36:00,B,north,,user516@example.com,False
517,22.0,57615.28,56.58,2020-01-01 08:37:00,A,north,,user517@example.com,True
518,52.0,71475.06,98.14,2020-01-01 08:38:00,B,north,,user518@example.com,True
519,60.0,53814.35,40.86,2020-01-01 08:39:00,C,north,,user519@example.com,True
520,43.0,40414.26,13.82,2020-01-01 08:40:00,C,east,,user520@example.com,False
521,28.0,46710.54,5.46,2020-01-01 08:41:00,B,north,,user521@example.com,True
522,31.0,67678.21,27.0,2020-01-01 08:42:00,D,south,,user522@example.com,True
523,77.0,55059.87,3.86,2020-01-01 08:43:00,C,north,,user523@example.com,False
524,40.0,61804.2,95.25,2020-01-01 08:44:00,B,south,,user524@example.com,True
525,40.0,,17.35,2020-01-01 08:45:00,B,south,,user525@example.com,True
526,84.0,47503.17,64.63,2020-01-01 08:46:00,A,north,,user526@example.com,False
527,28.0,70124.96,81.83,2020-01-01 08:47:00,D,south,reviewed,user527@example.com,True
528,83.0,62576.85,42.91,2020-01-01 08:48:00,D,west,,user528@example.com,True
529,84.0,30303.74,66.17,2020-01-01 08:49:00,B,east,,user529@example.com,True
530,61.0,83846.1,41.73,2020-01-01 08:50:00,C,north,,user530@example.com,False
531,29.0,44985.11,21.25,2020-01-01 08:51:00,C,north,flagged,user531@example.com,False
532,29.0,21898.09,62.99,2020-01-01 08:52:00,C,south,,user532@example.com,False
533,38.0,34099.13,58.39,2020-01-01 08:53:00,A,north,flagged,user533@example.com,False
534,59.0,34579.1,7.64,2020-01-01 08:54:00,D,east,,user534@example.com,True
535,29.0,56043.47,70.91,2020-01-01 08:55:00,D,north,,user535@example.com,True
536,50.0,49522.99,22.49,2020-01-01 08:56:00,D,east,,user536@example.com,True
537,26.0,48263.36,134.12,2020-01-01 08:57:00,D,north,,user537@example.com,True
538,56.0,67394.04,92.45,2020-01-01 08:58:00,D,north,,user538@example.com,False
539,19.0,61797.51,36.12,2020-01-01 08:59:00,C,west,reviewed,user539@example.com,True
540,69.0,61320.96,46.81,2020-01-01 09:00:00,A,east,,user540@example.com,False
541,21.0,63196.57,7.08,2020-01-01 09:01:00,B,east,,user541@example.com,False
542,32.0,67322.69,33.72,2020-01-01 09:02:00,A,west,,user542@example.com,True
543,30.0,12840.93,29.23,2020-01-01 09:03:00,A,north,,user543@example.com,False
544,77.0,47711.23,23.01,2020-01-01 09:04:00,D,north,,user544@example.com,False
545,21.0,11395.8,30.7,2020-01-01 09:05:00,D,north,flagged,user545@example.com,True
546,48.0,55721.2,207.31,2020-01-01 09:06:00,C,north,reviewed,user546@example.com,True
547,60.0,54907.34,7.53,2020-01-01 09:07:00,C,north,,user547@example.com,True
548,55.0,75910.65,4.51,2020-01-01 09:08:00,A,west,,user548@example.com,False
549,67.0,78752.69,30.02,2020-01-01 09:09:00,A,north,,user549@example.com,False
550,75.0,59055.5,20.04,2020-01-01 09:10:00,D,north,flagged,user550@example.com,True
551,46.0,44992.78,51.85,2020-01-01 09:11:00,B,north,,user551@example.com,False
552,77.0,64703.22,14.04,2020-01-01 09:12:00,C,north,,user552@example.com,True
553,40.0,44441.65,96.88,2020-01-01 09:13:00,B,north,reviewed,user553@example.com,True
554,88.0,54972.15,82.11,2020-01-01 09:14:00,A,north,flagged,user554@example.com,True
555,54.0,74722.73,10.38,2020-01-01 09:15:00,D,north,,user555@example.com,True
556,70.0,43844.57,6.74,2020-01-01 09:16:00,D,north,,user556@example.com,True
557,81.0,71113.57,56.62,2020-01-01 09:17:00,C,east,,user557@example.com,True
558,75.0,68548.03,1.69,2020-01-01 09:18:00,B,north,,user558@example.com,True
559,79.0,35904.16,15.32,2020-01-01 09:19:00,C,north,,user559@example.com,False
560,56.0,74477.88,100.45,2020-01-01 09:20:00,D,north,,user560@example.com,True
561,21.0,68971.33,6.84,2020-01-01 09:21:00,C,north,,user561@example.com,False
562,53.0,57038.52,43.07,2020-01-01 09:22:00,B,north,,user562@example.com,False
563,31.0,,31.17,2020-01-01 09:23:00,B,west,,user563@example.com,False
564,82.0,37815.88,166.28,2020-01-01 09:24:00,C,north,,user564@example.com,True
565,35.0,44246.75,22.81,2020-01-01 09:25:00,B,north,flagged,user565@example.com,False
566,34.0,65851.89,84.79,2020-01-01 09:26:00,C,north,,user566@example.com,True
567,35.0,35887.5,117.96,2020-01-01 09:27:00,A,east,flagged,user567@example.com,True
568,64.0,63750.24,8.17,2020-01-01 09:28:00,A,north,,user568@example.com,False
569,59.0,30164.89,32.48,2020-01-01 09:29:00,D,north,,user569@example.com,True
570,86.0,50918.63,37.24,2020-01-01 09:30:00,B,east,,user570@example.com,False
571,47.0,,32.1,2020-01-01 09:31:00,B,north,,user571@example.com,True
572,38.0,103902.6,87.29,2020-01-01 09:32:00,C,north,,user572@example.com,False
573,21.0,27453.69,2.55,2020-01-01 09:33:00,B,north,,user573@example.com,False
574,18.0,84440.29,13.48,2020-01-01 09:34:00,D,north,,user574@example.com,False
575,44.0,57996.85,10.57,2020-01-01 09:35:00,A,west,,user575@example.com,False
576,84.0,63223.44,4.4,2020-01-01 09:36:00,D,north,,user576@example.com,False
577,55.0,57366.96,12.96,2020-01-01 09:37:00,A,north,,user577@example.com,True
578,82.0,63894.54,19.03,2020-01-01 09:38:00,B,north,,user578@example.com,True
579,25.0,51926.3,19.6,2020-01-01 09:39:00,C,north,,user579@example.com,True
580,24.0,84081.0,1.56,2020-01-01 09:40:00,D,east,,user580@example.com,False
581,78.0,45870.58,36.39,2020-01-01 09:41:00,A,north,,user581@example.com,False
582,25.0,77644.69,8.65,2020-01-01 09:42:00,C,east,,user582@example.com,False
583,21.0,42112.66,26.44,2020-01-01 09:43:00,A,north,,user583@example.com,False
584,47.0,53794.96,32.65,2020-01-01 09:44:00,A,north,,user584@example.com,True
585,84.0,33560.75,45.22,2020-01-01 09:45:00,D,north,,user585@example.com,False
586,67.0,64100.47,23.84,2020-01-01 09:46:00,C,east,,user586@example.com,False
587,25.0,83902.52,4.31,2020-01-01 09:47:00,B,north,,user587@example.com,True
588,78.0,53452.88,0.59,2020-01-01 09:48:00,C,north,,user588@example.com,True
589,78.0,51062.29,24.94,2020-01-01 09:49:00,B,south,reviewed,user589@example.com,False
590,75.0,32707.66,79.32,2020-01-01 09:50:00,B,north,flagged,user590@example.com,True
591,82.0,50414.15,174.99,2020-01-01 09:51:00,B,north,,user591@example.com,False
592,35.0,23144.11,65.62,2020-01-01 09:52:00,B,north,,user592@example.com,False
593,88.0,36742.44,22.15,2020-01-01 09:53:00,D,east,,user593@example.com,False
594,41.0,59535.72,133.75,2020-01-01 09:54:00,B,north,,user594@example.com,False
595,75.0,81380.26,119.87,2020-01-01 09:55:00,B,north,,user595@example.com,False
596,59.0,111184.22,72.65,2020-01-01 09:56:00,C,north,,user596@example.com,False
597,74.0,43268.3,123.35,2020-01-01 09:57:00,D,north,,user597@example.com,False
598,63.0,83706.0,68.72,2020-01-01 09:58:00,B,north,,user598@example.com,True
599,64.0,59875.05,37.24,2020-01-01 09:59:00,D,north,flagged,user599@example.com,False
600,62.0,51975.05,77.46,2020-01-01 10:00:00,B,north,flagged,user600@example.com,False
601,74.0,63651.89,49.72,2020-01-01 10:01:00,C,north,,user601@example.com,False
602,71.0,,114.66,2020-01-01 10:02:00,D,east,,user602@example.com,True
603,27.0,57207.91,12.29,2020-01-01 10:03:00,B,north,,user603@example.com,True
604,77.0,46833.34,7.5,2020-01-01 10:04:00,A,north,,user604@example.com,False
605,56.0,27037.81,30.47,2020-01-01 10:05:00,C,west,flagged,user605@example.com,True
606,41.0,24127.5,6.03,2020-01-01 10:06:00,A,east,,user606@example.com,True
607,55.0,68064.9,31.19,2020-01-01 10:07:00,B,north,,user607@example.com,False
608,87.0,49466.0,56.72,2020-01-01 10:08:00,D,north,,user608@example.com,True
609,79.0,43078.22,95.3,2020-01-01 10:09:00,B,north,,user609@example.com,False
610,78.0,55170.11,174.97,2020-01-01 10:10:00,C,north,,user610@example.com,True
611,51.0,70898.65,18.96,2020-01-01 10:11:00,C,north,,user611@example.com,True
612,74.0,58607.28,24.1,2020-01-01 10:12:00,A,north,flagged,user612@example.com,False
613,45.0,41878.9,21.88,2020-01-01 10:13:00,B,north,,user613@example.com,True
614,67.0,79525.86,2.33,2020-01-01 10:14:00,C,north,,user614@example.com,False
615,64.0,86583.71,8.66,2020-01-01 10:15:00,A,north,,user615@example.com,False
616,35.0,64891.13,5.32,2020-01-01 10:16:00,B,north,,user616@example.com,True
617,37.0,74473.27,41.17,2020-01-01 10:17:00,B,north,,user617@example.com,False
618,22.0,79839.2,28.01,2020-01-01 10:18:00,D,south,,user618@example.com,True
619,28.0,77601.99,140.43,2020-01-01 10:19:00,A,east,,user619@example.com,False
620,49.0,67281.98,1.42,2020-01-01 10:20:00,D,north,,user620@example.com,True
621,52.0,66966.94,15.93,2020-01-01 10:21:00,B,north,,user621@example.com,True
622,29.0,65393.21,25.26,2020-01-01 10:22:00,C,north,,user622@example.com,True
623,48.0,33053.25,45.52,2020-01-01 10:23:00,C,north,flagged,user623@example.com,False
624,61.0,,13.11,2020-01-01 10:24:00,B,south,flagged,user624@example.com,True
625,34.0,27883.72,18.72,2020-01-01 10:25:00,D,north,,user625@example.com,False
626,42.0,39108.01,13.32,2020-01-01 10:26:00,A,north,,user626@example.com,True
627,44.0,81071.3,57.54,2020-01-01 10:27:00,A,north,,user627@example.com,True
628,54.0,71804.4,13.16,2020-01-01 10:28:00,D,north,reviewed,user628@example.com,False
629,44.0,84747.97,62.12,2020-01-01 10:29:00,C,north,,user629@example.com,True
630,71.0,49566.51,62.42,2020-01-01 10:30:00,D,north,,user630@example.com,True
631,41.0,31955.02,38.01,2020-01-01 10:31:00,B,west,,user631@example.com,False
632,49.0,50191.26,18.26,2020-01-01 10:32:00,A,north,flagged,user632@example.com,False
633,45.0,57040.63,5.86,2020-01-01 10:33:00,A,north,,user633@example.com,True
634,31.0,56579.77,28.28,2020-01-01 10:34:00,B,north,,user634@example.com,False
635,67.0,77673.61,56.14,2020-01-01 10:35:00,A,north,,user635@example.com,False
636,34.0,47774.59,475.91,2020-01-01 10:36:00,D,north,,user636@example.com,True
637,39.0,62040.69,18.66,2020-01-01 10:37:00,A,north,flagged,user637@example.com,False
638,75.0,35227.46,7.17,2020-01-01 10:38:00,D,south,,user638@example.com,False
639,86.0,64006.35,4.54,2020-01-01 10:39:00,A,north,,user639@example.com,False
640,66.0,55062.17,110.9,2020-01-01 10:40:00,A,north,,user640@example.com,True
641,83.0,40003.73,34.32,2020-01-01 10:41:00,B,north,,user641@example.com,True
642,79.0,50283.41,17.65,2020-01-01 10:42:00,A,north,,user642@example.com,False
643,52.0,51316.49,29.31,2020-01-01 10:43:00,B,north,,user643@example.com,False
644,73.0,49596.9,20.33,2020-01-01 10:44:00,B,east,reviewed,user644@example.com,True
645,41.0,90426.82,27.68,2020-01-01 10:45:00,C,north,,user645@example.com,True
646,51.0,53031.08,48.72,2020-01-01 10:46:00,C,north,,user646@example.com,False
647,56.0,50122.08,12.75,2020-01-01 10:47:00,A,north,,user647@example.com,False
648,87.0,13050.98,67.43,2020-01-01 10:48:00,A,north,,user648@example.com,True
649,79.0,37115.85,78.95,2020-01-01 10:49:00,A,north,,user649@example.com,True
650,53.0,49738.53,7.24,2020-01-01 10:50:00,A,north,,user650@example.com,False
651,64.0,41282.95,7.88,2020-01-01 10:51:00,A,north,,user651@example.com,False
652,32.0,,28.32,2020-01-01 10:52:00,B,north,,user652@example.com,False
653,75.0,51701.24,67.99,2020-01-01 10:53:00,C,south,,user653@example.com,False
654,57.0,,22.43,2020-01-01 10:54:00,B,east,,user654@example.com,False
655,56.0,56234.09,256.89,2020-01-01 10:55:00,B,south,,user655@example.com,True
656,73.0,55744.56,82.27,2020-01-01 10:56:00,B,west,,user656@example.com,True
657,63.0,53224.07,2.7,2020-01-01 10:57:00,C,south,flagged,user657@example.com,True
658,23.0,55075.93,43.81,2020-01-01 10:58:00,B,east,,user658@example.com,True
659,38.0,89375.9,66.28,2020-01-01 10:59:00,A,east,,user659@example.com,False
660,30.0,8607.79,6.82,2020-01-01 11:00:00,B,south,,user660@example.com,False
661,70.0,14969.09,94.45,2020-01-01 11:01:00,A,east,,user661@example.com,True
662,20.0,44136.58,12.29,2020-01-01 11:02:00,B,west,,user662@example.com,True
663,32.0,55290.56,11.66,2020-01-01 11:03:00,D,north,,user663@example.com,True
664,61.0,68802.09,47.04,2020-01-01 11:04:00,B,north,,user664@example.com,True
665,68.0,64461.74,3.31,2020-01-01 11:05:00,A,north,,user665@example.com,True
666,54.0,47315.08,52.2,2020-01-01 11:06:00,C,east,,user666@example.com,True
667,79.0,75380.87,14.01,2020-01-01 11:07:00,A,north,,user667@example.com,False
668,84.0,75603.91,11.95,2020-01-01 11:08:00,A,east,,user668@example.com,True
669,27.0,58681.16,60.22,2020-01-01 11:09:00,A,south,,user669@example.com,False
670,86.0,74253.15,34.2,2020-01-01 11:10:00,D,west,,user670@example.com,True
671,62.0,60452.91,63.39,2020-01-01 11:11:00,D,north,,user671@example.com,True
672,63.0,43770.34,39.18,2020-01-01 11:12:00,C,south,,user672@example.com,False
673,24.0,68956.34,107.12,2020-01-01 11:13:00,C,south,,user673@example.com,False
674,62.0,57212.26,79.6,2020-01-01 11:14:00,C,west,,user674@example.com,True
675,70.0,55026.8,24.56,2020-01-01 11:15:00,C,west,flagged,user675@example.com,True
676,59.0,84459.07,52.3,2020-01-01 11:16:00,C,north,,user676@example.com,True
677,24.0,5982.56,6.12,2020-01-01 11:17:00,D,north,,user677@example.com,True
678,55.0,26646.32,60.24,2020-01-01 11:18:00,C,north,flagged,user678@example.com,False
679,85.0,31258.59,5.82,2020-01-01 11:19:00,A,west,,user679@example.com,True
680,70.0,47734.79,0.91,2020-01-01 11:20:00,B,north,,user680@example.com,True
681,27.0,49907.84,25.76,2020-01-01 11:21:00,D,south,,user681@example.com,True
682,87.0,24853.49,21.77,2020-01-01 11:22:00,B,south,,user682@example.com,True
683,87.0,35296.84,56.82,2020-01-01 11:23:00,A,north,,user683@example.com,True
684,30.0,37783.17,4.26,2020-01-01 11:24:00,D,north,,user684@example.com,True
685,75.0,104148.48,114.57,2020-01-01 11:25:00,C,north,,user685@example.com,False
686,47.0,,91.66,2020-01-01 11:26:00,C,east,,user686@example.com,True
687,60.0,46765.01,138.63,2020-01-01 11:27:00,B,north,,user687@example.com,True
688,50.0,47728.33,5.0,2020-01-01 11:28:00,A,north,,user688@example.com,False
689,74.0,32015.92,21.45,2020-01-01 11:29:00,B,south,,user689@example.com,False
690,89.0,16837.39,9.38,2020-01-01 11:30:00,B,north,,user690@example.com,True
691,75.0,52662.4,12.27,2020-01-01 11:31:00,D,east,,user691@example.com,True
692,85.0,35042.96,29.15,2020-01-01 11:32:00,B,north,flagged,user692@example.com,False
693,86.0,53302.99,15.32,2020-01-01 11:33:00,A,north,,user693@example.com,True
694,24.0,22995.88,12.48,2020-01-01 11:34:00,B,north,,user694@example.com,False
695,36.0,39760.51,22.23,2020-01-01 11:35:00,D,north,,user695@example.com,True
696,69.0,57972.54,38.17,2020-01-01 11:36:00,B,north,,user696@example.com,True
697,60.0,62324.19,9.25,2020-01-01 11:37:00,B,south,,user697@example.com,False
698,21.0,63349.44,20.27,2020-01-01 11:38:00,C,north,flagged,user698@example.com,True
699,24.0,28590.22,31.45,2020-01-01 11:39:00,C,north,,user699@example.com,False
700,55.0,72093.71,103.31,2020-01-01 11:40:00,B,north,,user700@example.com,False
701,62.0,38995.77,38.39,2020-01-01 11:41:00,D,north,reviewed,user701@example.com,True
702,30.0,67657.16,138.32,2020-01-01 11:42:00,C,west,,user702@example.com,True
703,30.0,54787.23,149.49,2020-01-01 11:43:00,A,north,flagged,user703@example.com,True
704,27.0,27472.25,10.82,2020-01-01 11:44:00,B,west,,user704@example.com,False
705,58.0,48676.05,4.85,2020-01-01 11:45:00,D,north,,user705@example.com,True
706,18.0,62307.27,147.39,2020-01-01 11:46:00,B,north,flagged,user706@example.com,False
707,59.0,67259.31,121.22,2020-01-01 11:47:00,C,north,,user707@example.com,False
708,52.0,52180.24,207.42,2020-01-01 11:48:00,C,north,,user708@example.com,False
709,51.0,85635.58,71.39,2020-01-01 11:49:00,C,south,,user709@example.com,True
710,66.0,75150.22,5.32,2020-01-01 11:50:00,D,north,,user710@example.com,True
711,55.0,49866.92,47.34,2020-01-01 11:51:00,A,north,,user711@example.com,False
712,70.0,,37.65,2020-01-01 11:52:00,C,north,,user712@example.com,False
713,73.0,,87.45,2020-01-01 11:53:00,C,north,,user713@example.com,True
714,84.0,94209.69,10.78,2020-01-01 11:54:00,A,west,,user714@example.com,False
715,75.0,30440.0,9.52,2020-01-01 11:55:00,C,west,,user715@example.com,True
716,55.0,36469.34,42.5,2020-01-01 11:56:00,A,north,,user716@example.com,False
717,53.0,,6.55,2020-01-01 11:57:00,B,east,,user717@example.com,False
718,34.0,,7.14,2020-01-01 11:58:00,B,south,,user718@example.com,True
719,61.0,28549.18,115.74,2020-01-01 11:59:00,A,north,,user719@example.com,True
720,28.0,45276.12,136.7,2020-01-01 12:00:00,D,south,,user720@example.com,True
721,85.0,63404.53,103.3,2020-01-01 12:01:00,A,north,,user721@example.com,True
722,78.0,52952.07,65.45,2020-01-01 12:02:00,B,south,,user722@example.com,True
723,26.0,41988.73,19.67,2020-01-01 12:03:00,D,west,,user723@example.com,False
724,74.0,41515.75,20.16,2020-01-01 12:04:00,D,north,,user724@example.com,True
725,26.0,40753.26,93.63,2020-01-01 12:05:00,A,east,reviewed,user725@example.com,True
726,69.0,37409.81,175.04,2020-01-01 12:06:00,B,west,flagged,user726@example.com,True
727,24.0,100632.66,0.25,2020-01-01 12:07:00,C,north,,user727@example.com,True
728,53.0,60950.22,241.86,2020-01-01 12:08:00,D,north,reviewed,user728@example.com,False
729,65.0,72735.18,10.62,2020-01-01 12:09:00,D,west,flagged,user729@example.com,True
730,70.0,45218.45,88.24,2020-01-01 12:10:00,C,west,,user730@example.com,False
731,48.0,51280.87,12.05,2020-01-01 12:11:00,A,north,,user731@example.com,True
732,84.0,40728.92,22.65,2020-01-01 12:12:00,D,north,,user732@example.com,False
733,73.0,1965.83,51.57,2020-01-01 12:13:00,A,north,,user733@example.com,False
734,32.0,27439.81,13.91,2020-01-01 12:14:00,A,north,,user734@example.com,True
735,66.0,18787.63,121.62,2020-01-01 12:15:00,C,north,,user735@example.com,True
736,70.0,10004.32,7.72,2020-01-01 12:16:00,C,north,,user736@example.com,False
737,42.0,31092.82,3.48,2020-01-01 12:17:00,A,north,reviewed,user737@example.com,False
738,71.0,81499.11,160.22,2020-01-01 12:18:00,A,north,,user738@example.com,True
739,82.0,54111.28,82.48,2020-01-01 12:19:00,C,north,,user739@example.com,False
740,76.0,80811.28,23.56,2020-01-01 12:20:00,B,north,,user740@example.com,False
741,72.0,63219.65,32.01,2020-01-01 12:21:00,C,south,,user741@example.com,False
742,63.0,70651.18,54.49,2020-01-01 12:22:00,B,north,,user742@example.com,True
743,37.0,36982.06,80.47,2020-01-01 12:23:00,C,north,,user743@example.com,False
744,75.0,65479.02,23.72,2020-01-01 12:24:00,B,north,,user744@example.com,False
745,44.0,69574.28,51.05,2020-01-01 12:25:00,B,north,,user745@example.com,False
746,56.0,43467.05,15.81,2020-01-01 12:26:00,B,north,,user746@example.com,True
747,40.0,66190.81,1.69,2020-01-01 12:27:00,C,north,,user747@example.com,False
748,40.0,66323.76,90.58,2020-01-01 12:28:00,C,north,,user748@example.com,True
749,29.0,44008.95,5.49,2020-01-01 12:29:00,C,north,,user749@example.com,True
750,87.0,32544.63,1.04,2020-01-01 12:30:00,C,north,,user750@example.com,True
751,28.0,31317.43,109.33,2020-01-01 12:31:00,A,north,,user751@example.com,True
752,24.0,56730.11,115.32,2020-01-01 12:32:00,D,west,,user752@example.com,False
753,85.0,61540.2,29.81,2020-01-01 12:33:00,C,south,,user753@example.com,False
754,57.0,39149.48,40.58,2020-01-01 12:34:00,C,north,,user754@example.com,True
755,49.0,55531.71,22.3,2020-01-01 12:35:00,D,north,,user755@example.com,True
756,71.0,66410.74,26.57,2020-01-01 12:36:00,D,north,,user756@example.com,True
757,45.0,67363.81,13.85,2020-01-01 12:37:00,C,north,flagged,user757@example.com,False
758,27.0,86037.6,12.27,2020-01-01 12:38:00,D,north,,user758@example.com,True
759,70.0,80539.62,20.71,2020-01-01 12:39:00,B,north,,user759@example.com,True
760,30.0,34974.17,89.65,2020-01-01 12:40:00,C,north,,user760@example.com,False
761,57.0,88671.72,160.26,2020-01-01 12:41:00,B,north,,user761@example.com,False
762,86.0,44380.47,80.63,2020-01-01 12:42:00,C,north,,user762@example.com,True
763,85.0,75897.46,61.43,2020-01-01 12:43:00,A,east,,user763@example.com,True
764,43.0,56359.73,32.6,2020-01-01 12:44:00,D,south,,user764@example.com,True
765,74.0,46757.01,16.91,2020-01-01 12:45:00,A,north,,user765@example.com,False
766,62.0,18846.06,50.2,2020-01-01 12:46:00,C,north,,user766@example.com,False
767,52.0,51568.71,3.37,2020-01-01 12:47:00,A,north,,user767@example.com,True
768,28.0,23812.34,193.09,2020-01-01 12:48:00,A,south,,user768@example.com,True
769,45.0,74345.98,61.71,2020-01-01 12:49:00,D,north,,user769@example.com,True
770,64.0,85335.85,105.23,2020-01-01 12:50:00,D,north,,user770@example.com,True
771,89.0,39061.78,0.65,2020-01-01 12:51:00,A,north,,user771@example.com,False
772,18.0,61039.41,5.26,2020-01-01 12:52:00,A,west,,user772@example.com,True
773,69.0,40492.17,71.18,2020-01-01 12:53:00,D,north,flagged,user773@example.com,False
774,78.0,42430.31,1.37,2020-01-01 12:54:00,D,north,,user774@example.com,True
775,86.0,70489.89,38.37,2020-01-01 12:55:00,A,north,,user775@example.com,False
776,48.0,54229.23,12.72,2020-01-01 12:56:00,C,north,,user776@example.com,True
777,26.0,89792.96,18.75,2020-01-01 12:57:00,B,north,,user777@example.com,False
778,37.0,45355.35,62.4,2020-01-01 12:58:00,C,north,,user778@example.com,True
779,79.0,74986.73,13.65,2020-01-01 12:59:00,B,north,,user779@example.com,True
780,81.0,56948.27,18.9,2020-01-01 13:00:00,A,north,,user780@example.com,True
781,63.0,70915.56,48.13,2020-01-01 13:01:00,B,north,,user781@example.com,False
782,26.0,46056.85,8.75,2020-01-01 13:02:00,C,south,,user782@example.com,True
783,26.0,54008.82,60.99,2020-01-01 13:03:00,D,north,,user783@example.com,True
784,52.0,52690.02,94.24,2020-01-01 13:04:00,A,north,flagged,user784@example.com,False
785,60.0,38278.86,119.6,2020-01-01 13:05:00,D,north,,user785@example.com,False
786,20.0,68241.63,37.63,2020-01-01 13:06:00,C,north,,user786@example.com,False
787,67.0,68004.98,12.58,2020-01-01 13:07:00,D,north,,user787@example.com,True
788,57.0,66871.09,9.15,2020-01-01 13:08:00,D,west,,user788@example.com,True
789,18.0,85739.31,9.0,2020-01-01 13:09:00,A,north,,user789@example.com,True
790,24.0,83986.9,1.72,2020-01-01 13:10:00,A,south,,user790@example.com,True
791,50.0,47501.11,67.42,2020-01-01 13:11:00,D,south,,user791@example.com,False
792,70.0,62461.05,33.47,2020-01-01 13:12:00,A,north,,user792@example.com,False
793,77.0,42527.99,109.43,2020-01-01 13:13:00,A,north,,user793@example.com,False
794,49.0,55467.11,6.38,2020-01-01 13:14:00,B,north,,user794@example.com,False
795,39.0,43005.01,152.25,2020-01-01 13:15:00,D,north,,user795@example.com,True
796,87.0,87401.41,28.74,2020-01-01 13:16:00,D,north,,user796@example.com,False
797,51.0,62273.96,5.86,2020-01-01 13:17:00,C,north,,user797@example.com,False
798,40.0,50639.42,0.94,2020-01-01 13:18:00,A,north,,user798@example.com,False
799,49.0,78872.37,11.04,2020-01-01 13:19:00,B,north,flagged,user799@example.com,False
800,18.0,11587.69,94.87,2020-01-01 13:20:00,C,east,,user800@example.com,True
801,39.0,14717.95,11.02,2020-01-01 13:21:00,A,north,,user801@example.com,True
802,55.0,70916.77,61.39,2020-01-01 13:22:00,C,south,,user802@example.com,True
803,84.0,56209.37,4.05,2020-01-01 13:23:00,A,north,,user803@example.com,False
804,71.0,60008.93,29.15,2020-01-01 13:24:00,B,north,,user804@example.com,True
805,74.0,28472.08,49.06,2020-01-01 13:25:00,A,north,flagged,user805@example.com,True
806,57.0,54535.33,87.44,2020-01-01 13:26:00,C,north,,user806@example.com,True
807,25.0,95070.19,53.85,2020-01-01 13:27:00,D,north,,user807@example.com,True
808,46.0,71483.99,2.31,2020-01-01 13:28:00,A,west,,user808@example.com,False
809,89.0,58394.13,75.27,2020-01-01 13:29:00,D,north,,user809@example.com,False
810,21.0,46218.92,0.27,2020-01-01 13:30:00,C,north,,user810@example.com,False
811,81.0,47108.54,9.92,2020-01-01 13:31:00,D,north,,user811@example.com,True
812,67.0,12416.04,120.13,2020-01-01 13:32:00,D,north,,user812@example.com,True
813,38.0,60152.81,62.52,2020-01-01 13:33:00,A,north,,user813@example.com,True
814,74.0,71909.66,58.52,2020-01-01 13:34:00,C,north,,user814@example.com,False
815,78.0,23487.61,34.84,2020-01-01 13:35:00,C,north,,user815@example.com,False
816,21.0,41771.66,60.6,2020-01-01 13:36:00,A,north,,user816@example.com,True
817,25.0,31850.71,10.02,2020-01-01 13:37:00,B,north,,user817@example.com,True
818,65.0,35692.98,38.52,2020-01-01 13:38:00,D,west,,user818@example.com,True
819,89.0,56069.63,22.2,2020-01-01 13:39:00,C,north,,user819@example.com,False
820,19.0,13311.96,19.74,2020-01-01 13:40:00,B,north,,user820@example.com,True
821,65.0,67285.41,53.35,2020-01-01 13:41:00,B,west,,user821@example.com,False
822,27.0,70077.1,14.47,2020-01-01 13:42:00,D,north,,user822@example.com,True
823,64.0,49977.95,47.92,2020-01-01 13:43:00,B,north,,user823@example.com,True
824,62.0,5385.83,26.19,2020-01-01 13:44:00,A,south,,user824@example.com,False
825,24.0,35071.63,247.09,2020-01-01 13:45:00,C,west,,user825@example.com,False
826,67.0,79658.04,13.35,2020-01-01 13:46:00,D,south,,user826@example.com,False
827,82.0,-559.89,3.66,2020-01-01 13:47:00,A,north,,user827@example.com,True
828,80.0,48049.53,110.8,2020-01-01 13:48:00,B,west,flagged,user828@example.com,True
829,20.0,31399.98,170.73,2020-01-01 13:49:00,B,north,,user829@example.com,False
830,35.0,71091.41,56.24,2020-01-01 13:50:00,A,west,,user830@example.com,False
831,35.0,41497.72,2.32,2020-01-01 13:51:00,C,east,,user831@example.com,True
832,50.0,63079.08,0.92,2020-01-01 13:52:00,B,west,,user832@example.com,False
833,28.0,66309.21,5.41,2020-01-01 13:53:00,A,north,reviewed,user833@example.com,False
834,79.0,91724.52,105.86,2020-01-01 13:54:00,B,north,,user834@example.com,False
835,73.0,50941.16,176.15,2020-01-01 13:55:00,D,north,,user835@example.com,True
836,76.0,62520.89,7.68,2020-01-01 13:56:00,D,north,,user836@example.com,False
837,32.0,25298.89,8.74,2020-01-01 13:57:00,C,north,,user837@example.com,False
838,19.0,78808.27,10.87,2020-01-01 13:58:00,B,west,,user838@example.com,True
839,83.0,39789.82,97.31,2020-01-01 13:59:00,D,north,,user839@example.com,True
840,38.0,43784.92,48.98,2020-01-01 14:00:00,A,north,,user840@example.com,False
841,65.0,54555.04,46.42,2020-01-01 14:01:00,C,north,,user841@example.com,True
842,83.0,23742.31,0.48,2020-01-01 14:02:00,C,north,flagged,user842@example.com,True
843,20.0,59575.4,30.49,2020-01-01 14:03:00,C,north,,user843@example.com,True
844,18.0,74349.33,33.54,2020-01-01 14:04:00,A,north,,user844@example.com,False
845,18.0,60858.68,13.56,2020-01-01 14:05:00,C,east,,user845@example.com,False
846,29.0,,2.3,2020-01-01 14:06:00,C,south,,user846@example.com,False
847,21.0,52523.81,52.95,2020-01-01 14:07:00,D,north,flagged,user847@example.com,False
848,77.0,69840.58,51.32,2020-01-01 14:08:00,A,north,,user848@example.com,False
849,61.0,17440.22,18.1,2020-01-01 14:09:00,C,north,,user849@example.com,True
850,88.0,33504.68,88.81,2020-01-01 14:10:00,D,east,flagged,user850@example.com,True
851,75.0,72530.87,82.07,2020-01-01 14:11:00,B,east,,user851@example.com,True
852,87.0,60401.91,65.79,2020-01-01 14:12:00,C,north,,user852@example.com,True
853,35.0,63239.43,31.71,2020-01-01 14:13:00,A,east,,user853@example.com,True
854,38.0,683633.7029792635,241.73,2020-01-01 14:14:00,C,north,,user854@example.com,False
855,79.0,64371.06,14.76,2020-01-01 14:15:00,C,north,,user855@example.com,True
856,35.0,68157.76,32.38,2020-01-01 14:16:00,A,east,,user856@example.com,True
857,22.0,109214.91,97.69,2020-01-01 14:17:00,A,north,flagged,user857@example.com,False
858,66.0,50723.91,71.48,2020-01-01 14:18:00,C,north,,user858@example.com,True
859,75.0,39042.34,34.63,2020-01-01 14:19:00,A,north,,user859@example.com,False
860,87.0,63555.93,46.34,2020-01-01 14:20:00,B,north,,user860@example.com,False
861,84.0,63779.82,83.47,2020-01-01 14:21:00,A,north,,user861@example.com,False
862,26.0,44465.69,31.02,2020-01-01 14:22:00,D,north,flagged,user862@example.com,False
863,73.0,34352.06,6.19,2020-01-01 14:23:00,C,north,,user863@example.com,True
864,78.0,101196.89,12.51,2020-01-01 14:24:00,D,north,,user864@example.com,False
865,68.0,61536.87,39.9,2020-01-01 14:25:00,A,east,,user865@example.com,True
866,77.0,40354.29,2.65,2020-01-01 14:26:00,A,north,,user866@example.com,False
867,78.0,73318.61,53.72,2020-01-01 14:27:00,C,west,flagged,user867@example.com,False
868,50.0,52817.1,4.26,2020-01-01 14:28:00,C,north,,user868@example.com,False
869,20.0,,20.91,2020-01-01 14:29:00,D,north,,user869@example.com,True
870,50.0,66245.46,51.71,2020-01-01 14:30:00,D,north,,user870@example.com,False
871,32.0,29162.35,9.66,2020-01-01 14:31:00,D,east,,user871@example.com,False
872,26.0,62052.54,36.46,2020-01-01 14:32:00,A,north,,user872@example.com,False
873,26.0,93259.1,279.29,2020-01-01 14:33:00,B,west,,user873@example.com,True
874,68.0,64323.55,3.44,2020-01-01 14:34:00,D,north,,user874@example.com,False
875,54.0,47475.76,49.1,2020-01-01 14:35:00,C,north,,user875@example.com,True
876,56.0,44857.89,53.95,2020-01-01 14:36:00,D,north,,user876@example.com,True
877,71.0,46793.2,55.06,2020-01-01 14:37:00,C,north,,user877@example.com,False
878,57.0,49920.75,149.42,2020-01-01 14:38:00,A,north,,user878@example.com,True
879,63.0,47443.87,63.2,2020-01-01 14:39:00,B,north,,user879@example.com,True
880,24.0,73326.23,166.08,2020-01-01 14:40:00,D,north,,user880@example.com,False
881,79.0,20335.82,35.06,2020-01-01 14:41:00,C,north,,user881@example.com,False
882,50.0,72240.0,36.47,2020-01-01 14:42:00,A,north,,user882@example.com,True
883,29.0,47406.27,183.05,2020-01-01 14:43:00,A,north,,user883@example.com,True
884,76.0,62538.96,47.25,2020-01-01 14:44:00,D,north,flagged,user884@example.com,True
885,70.0,32460.24,16.91,2020-01-01 14:45:00,D,north,,user885@example.com,True
886,21.0,81572.62,74.01,2020-01-01 14:46:00,D,north,,user886@example.com,False
887,31.0,79912.7,51.09,2020-01-01 14:47:00,A,north,reviewed,user887@example.com,True
888,19.0,74191.81,65.56,2020-01-01 14:48:00,C,north,,user888@example.com,False
889,37.0,24704.9,47.11,2020-01-01 14:49:00,D,east,,user889@example.com,True
890,25.0,71582.42,94.42,2020-01-01 14:50:00,C,north,,user890@example.com,False
891,69.0,63097.1,24.69,2020-01-01 14:51:00,C,north,,user891@example.com,False
892,55.0,22894.58,9.75,2020-01-01 14:52:00,B,east,,user892@example.com,False
893,88.0,54514.05,12.75,2020-01-01 14:53:00,A,north,,user893@example.com,True
894,71.0,62290.69,64.32,2020-01-01 14:54:00,B,north,,user894@example.com,True
895,62.0,66121.51,50.35,2020-01-01 14:55:00,C,west,,user895@example.com,False
896,54.0,58545.23,155.63,2020-01-01 14:56:00,A,west,,user896@example.com,True
897,21.0,60824.63,38.44,2020-01-01 14:57:00,A,south,reviewed,user897@example.com,False
898,23.0,84472.23,16.33,2020-01-01 14:58:00,B,north,,user898@example.com,False
899,62.0,79520.68,216.64,2020-01-01 14:59:00,D,north,,user899@example.com,True
900,18.0,-2341.1,131.3,2020-01-01 15:00:00,C,west,flagged,user900@example.com,True
901,21.0,48651.23,87.48,2020-01-01 15:01:00,C,west,,user901@example.com,True
902,33.0,51706.98,117.4,2020-01-01 15:02:00,C,north,,user902@example.com,True
903,81.0,19958.03,26.93,2020-01-01 15:03:00,A,north,,user903@example.com,True
904,51.0,56883.66,15.31,2020-01-01 15:04:00,B,north,,user904@example.com,False
905,69.0,79975.16,20.78,2020-01-01 15:05:00,A,north,,user905@example.com,False
906,47.0,33268.64,113.71,2020-01-01 15:06:00,D,north,,user906@example.com,True
907,30.0,61728.02,77.16,2020-01-01 15:07:00,D,north,,user907@example.com,False
908,44.0,36683.53,3.21,2020-01-01 15:08:00,B,north,,user908@example.com,True
909,24.0,41561.76,59.43,2020-01-01 15:09:00,B,north,,user909@example.com,True
910,73.0,84547.87,17.7,2020-01-01 15:10:00,B,north,,user910@example.com,False
911,31.0,44148.84,170.46,2020-01-01 15:11:00,D,north,,user911@example.com,False
912,45.0,64244.25,80.07,2020-01-01 15:12:00,B,north,,user912@example.com,True
913,88.0,17575.64,57.43,2020-01-01 15:13:00,D,north,,user913@example.com,True
914,60.0,92246.35,40.29,2020-01-01 15:14:00,B,west,,user914@example.com,False
915,51.0,67053.05,10.87,2020-01-01 15:15:00,C,north,,user915@example.com,True
916,57.0,51350.0,63.53,2020-01-01 15:16:00,C,north,,user916@example.com,True
917,74.0,66510.93,39.65,2020-01-01 15:17:00,B,north,flagged,user917@example.com,True
918,36.0,26803.61,93.48,2020-01-01 15:18:00,D,north,,user918@example.com,True
919,63.0,78650.61,21.33,2020-01-01 15:19:00,C,north,,user919@example.com,False
920,80.0,48520.3,57.19,2020-01-01 15:20:00,D,north,,user920@example.com,False
921,59.0,50918.61,5.6,2020-01-01 15:21:00,D,north,,user921@example.com,True
922,50.0,45166.89,12.12,2020-01-01 15:22:00,A,north,,user922@example.com,True
923,28.0,43386.97,11.66,2020-01-01 15:23:00,A,north,flagged,user923@example.com,True
924,35.0,68893.41,22.75,2020-01-01 15:24:00,C,north,flagged,user924@example.com,True
925,86.0,60118.14,104.93,2020-01-01 15:25:00,B,north,,user925@example.com,True
926,56.0,68034.96,32.72,2020-01-01 15:26:00,B,north,,user926@example.com,False
927,39.0,54824.11,38.97,2020-01-01 15:27:00,A,north,,user927@example.com,False
928,48.0,65264.0,4.34,2020-01-01 15:28:00,B,north,,user928@example.com,False
929,59.0,46623.03,31.33,2020-01-01 15:29:00,B,north,,user929@example.com,True
930,56.0,99594.64,34.36,2020-01-01 15:30:00,B,north,,user930@example.com,True
931,68.0,23641.39,21.49,2020-01-01 15:31:00,C,north,,user931@example.com,True
932,36.0,,55.27,2020-01-01 15:32:00,C,west,flagged,user932@example.com,True
933,64.0,82358.15,35.54,2020-01-01 15:33:00,B,west,,user933@example.com,True
934,49.0,37956.82,9.26,2020-01-01 15:34:00,A,west,,user934@example.com,True
935,85.0,99585.47,47.11,2020-01-01 15:35:00,C,north,flagged,user935@example.com,False
936,29.0,74909.81,36.21,2020-01-01 15:36:00,A,north,,user936@example.com,True
937,28.0,74422.78,21.46,2020-01-01 15:37:00,B,north,,user937@example.com,True
938,51.0,55560.44,1.39,2020-01-01 15:38:00,B,north,,user938@example.com,False
939,54.0,,27.48,2020-01-01 15:39:00,A,north,,user939@example.com,False
940,67.0,50811.82,124.76,2020-01-01 15:40:00,B,north,,user940@example.com,False
941,47.0,62810.61,93.17,2020-01-01 15:41:00,B,north,,user941@example.com,True
942,83.0,83023.73,44.42,2020-01-01 15:42:00,D,north,,user942@example.com,True
943,52.0,58626.28,10.85,2020-01-01 15:43:00,D,north,,user943@example.com,True
944,27.0,36771.13,75.9,2020-01-01 15:44:00,A,south,,user944@example.com,True
945,26.0,71488.54,87.08,2020-01-01 15:45:00,C,north,,user945@example.com,False
946,88.0,73423.01,2.44,2020-01-01 15:46:00,C,east,,user946@example.com,False
947,27.0,68093.19,132.28,2020-01-01 15:47:00,B,north,,user947@example.com,False
948,86.0,69909.98,139.99,2020-01-01 15:48:00,B,north,,user948@example.com,False
949,38.0,49581.44,12.76,2020-01-01 15:49:00,D,north,,user949@example.com,True
950,24.0,36420.22,22.46,2020-01-01 15:50:00,B,north,,user950@example.com,True
951,39.0,37636.13,3.6,2020-01-01 15:51:00,A,north,,user951@example.com,False
952,62.0,22290.74,82.73,2020-01-01 15:52:00,B,north,,user952@example.com,False
953,48.0,59738.97,37.44,2020-01-01 15:53:00,B,north,,user953@example.com,False
954,74.0,53331.02,63.26,2020-01-01 15:54:00,B,north,,user954@example.com,False
955,61.0,46200.25,54.45,2020-01-01 15:55:00,A,north,,user955@example.com,True
956,46.0,-4112.38,69.33,2020-01-01 15:56:00,A,west,,user956@example.com,True
957,63.0,30053.65,31.5,2020-01-01 15:57:00,D,north,,user957@example.com,False
958,87.0,77416.81,14.85,2020-01-01 15:58:00,A,north,,user958@example.com,True
959,47.0,41707.48,29.72,2020-01-01 15:59:00,C,north,,user959@example.com,False
960,29.0,62211.83,8.79,2020-01-01 16:00:00,C,north,,user960@example.com,True
961,47.0,27186.29,211.43,2020-01-01 16:01:00,C,north,,user961@example.com,True
962,78.0,83774.11,27.89,2020-01-01 16:02:00,D,north,,user962@example.com,True
963,33.0,52119.45,16.48,2020-01-01 16:03:00,A,south,,user963@example.com,False
964,86.0,60800.81,22.52,2020-01-01 16:04:00,B,north,flagged,user964@example.com,True
965,60.0,101515.6,23.91,2020-01-01 16:05:00,A,north,,user965@example.com,True
966,61.0,85328.8,35.37,2020-01-01 16:06:00,C,north,flagged,user966@example.com,False
967,40.0,48868.69,35.56,2020-01-01 16:07:00,C,west,,user967@example.com,True
968,84.0,43135.6,17.88,2020-01-01 16:08:00,D,south,,user968@example.com,True
969,20.0,48489.1,36.11,2020-01-01 16:09:00,B,west,,user969@example.com,False
970,39.0,65197.96,204.34,2020-01-01 16:10:00,A,north,,user970@example.com,False
971,48.0,,6.52,2020-01-01 16:11:00,D,north,,user971@example.com,False
972,52.0,47095.12,10.68,2020-01-01 16:12:00,C,north,,user972@example.com,True
973,52.0,84343.63,179.68,2020-01-01 16:13:00,D,west,,user973@example.com,False
974,28.0,52715.8,86.25,2020-01-01 16:14:00,B,north,,user974@example.com,True
975,34.0,100991.78,170.01,2020-01-01 16:15:00,B,north,flagged,user975@example.com,False
976,24.0,56814.85,62.3,2020-01-01 16:16:00,B,north,,user976@example.com,True
977,59.0,90706.37,104.4,2020-01-01 16:17:00,C,north,,user977@example.com,False
978,43.0,62146.39,4.52,2020-01-01 16:18:00,A,north,,user978@example.com,False
979,58.0,74259.21,99.7,2020-01-01 16:19:00,D,north,,user979@example.com,True
980,60.0,40507.78,41.56,2020-01-01 16:20:00,A,north,flagged,user980@example.com,True
981,68.0,37924.82,108.53,2020-01-01 16:21:00,B,east,,user981@example.com,False
982,57.0,64194.12,47.27,2020-01-01 16:22:00,B,north,flagged,user982@example.com,False
983,64.0,74771.06,0.41,2020-01-01 16:23:00,C,east,,user983@example.com,False
984,60.0,55805.13,19.25,2020-01-01 16:24:00,C,north,,user984@example.com,False
985,64.0,29272.13,11.59,2020-01-01 16:25:00,D,south,,user985@example.com,False
986,62.0,27794.83,69.13,2020-01-01 16:26:00,D,north,,user986@example.com,True
987,40.0,26457.27,55.29,2020-01-01 16:27:00,A,west,,user987@example.com,True
988,35.0,19647.56,18.31,2020-01-01 16:28:00,A,north,,user988@example.com,False
989,74.0,57189.71,27.03,2020-01-01 16:29:00,D,north,reviewed,user989@example.com,True
990,42.0,,12.48,2020-01-01 16:30:00,B,north,,user990@example.com,False
991,57.0,54731.68,11.34,2020-01-01 16:31:00,A,north,,user991@example.com,True
992,32.0,9791.7,5.45,2020-01-01 16:32:00,D,north,,user992@example.com,True
993,49.0,51184.79,37.4,2020-01-01 16:33:00,C,south,reviewed,user993@example.com,True
994,56.0,51744.02,15.85,2020-01-01 16:34:00,A,west,,user994@example.com,False
995,63.0,96919.98,30.69,2020-01-01 16:35:00,D,north,,user995@example.com,True
996,55.0,25857.24,42.78,2020-01-01 16:36:00,C,north,,user996@example.com,True
997,43.0,47186.45,44.61,2020-01-01 16:37:00,C,north,,user997@example.com,False
998,87.0,89117.05,12.02,2020-01-01 16:38:00,D,east,,user998@example.com,True
999,54.0,63999.57,18.08,2020-01-01 16:39:00,B,east,,user999@example.com,False
